cookie_id,score
ck_315fb710a0e371e7,0.012035502533311569
ck_a76ee3b3e3e522fd,0.0237214088251949
ck_94c9a4d382689e82,0.022319363665797072
ck_8eaf9509ad9462a0,0.006465101278655358
ck_9a88a5a989cb5bc6,0.012522880338700823
ck_15239ef0689c1a35,0.012839200640113249
ck_8de69cd219d3b87f,0.19348134556853033
ck_f92cd37022b0ce21,0.037050898575328624
ck_1a3ff7620580a514,0.003321382059964784
ck_397c03aa33a57310,0.20041212468071543
ck_a7cf6c3b322f6b7a,0.012973203494166296
ck_c39a9e75760e3201,0.036783211135808604
ck_88ab6d245228c38e,0.004407599957216338
ck_17733f75ebdea93e,0.01663954428271407
ck_58eb871e8d7bed52,0.009728498396785712
ck_e55b7fa67db1ec27,0.001910972487942495
ck_62f5cfe22c952694,0.002880409021895223
ck_7fbb709a0fe95759,0.005789048613412253
ck_87abe9cd066a20fb,0.027159658573015024
ck_d58e058b5c553dd5,0.009906886649813016
ck_d27b872648b71202,0.00778295263919
ck_4b4a3c5b95c55b43,0.001803000429879985
ck_66dd4f4b4127256d,0.008386117982912946
ck_93cc12703b500613,0.02509709508220949
ck_d28806a2179092eb,0.9849783802821507
ck_0595c2a0c7881e05,0.024329789815326092
ck_50087d8666191144,0.006643374052939467
ck_b08b3f089138c901,0.005908099962885533
ck_fe3b67041dad2dd1,0.002740488913298067
ck_8449a28f7d475d93,0.029827113457022724
ck_8642e3b6d84f49d3,0.010682622362840732
ck_e49b5e4f2f2e79db,0.3091631278711016
ck_437afe412ea4259c,0.06701262876720952
ck_569b83668d74042d,0.02643260578228955
ck_233a487d31c3e631,0.9856487764919416
ck_1fca72e03143a645,0.6372964368551254
ck_79205e31223df2ad,0.021600323903592934
ck_9625a64406ea16e3,0.02893733966148349
ck_079bd18dacb704a8,0.1385920678553815
ck_4db6d4fd2b49aa81,0.011215410638745298
ck_0dbefdac0a1868fb,0.005280573733743936
ck_24ff97ad90bdd69a,0.02222208934258648
ck_77f8c5042065d506,0.00463913744601458
ck_f11be8ce05382cec,0.011628361681946007
ck_c9d72140b0389216,0.03168211693815592
ck_69eda24e931fb36a,0.009173238336216642
ck_ed471e496916ee15,0.0304663394828912
ck_ff090498c4b17ac3,0.0036201088470249965
ck_c3c19d6a0720915c,0.0007228510799563555
ck_af02e1817cfa40b5,0.06871889417442074
ck_2df5a9fc87553eb1,0.020081003934776902
ck_4ac918e884cff336,0.0281598104132591
ck_ca149244b54ef3ad,0.00018102866824477764
ck_6babe5b8674ff51f,0.0032656279552365024
ck_1573878386886290,0.012457098054725037
ck_3925f8565abb7fe4,0.018203664085417254
ck_c4de808ae69c771f,0.0031304763748213785
ck_a777c813551281fe,0.013319397780063993
ck_df4424f6dd85080d,0.03937049360821277
ck_85e5494ec20383ae,0.017729740004465123
ck_f71a4094e889c3af,0.00734259637057113
ck_f2f3cf9cd23b2809,0.03472202066123484
ck_18e2076397bcc211,0.046068863466100195
ck_c9f9fddef39bc664,0.10855593410702498
ck_7e826e233d6ea028,0.012838611633861755
ck_62fd7eb46bee9210,0.02871944022970813
ck_206f8e3cd72768f3,0.023510026301423567
ck_aa295a11b0a6ab36,0.007012489724801244
ck_9a56739d81f84a53,0.01327594232833812
ck_aa075c418ed9fe5a,0.01037326071732024
ck_62b9fb3db284941b,0.015576960828898711
ck_f4f83b1403ebea46,0.020255532260915973
ck_16b66bd803288bc3,0.11100789569706292
ck_c4ca1434f3778f1d,0.9275319594356587
ck_1b823610371a29c0,0.009974067866111576
ck_c2bd5a722aa637d9,0.0015404860389309446
ck_7890208951df34f0,0.02928014367245974
ck_020eb0e454524ecd,0.0022432145212560027
ck_3b66196ccf436c35,0.028104399222988727
ck_109fc467ec0a4af5,0.19636982802992198
ck_f3dcd818db92de7b,0.020852448749939138
ck_31e7742f160980ef,0.026637562708608172
ck_77fce5f86f00b8f4,0.01720479343729806
ck_46bc797b4d07d607,0.007506127130677809
ck_37899b1b571b1c6b,0.01034982636744787
ck_ef8a6af43fedd464,0.008843712646789017
ck_bcc8519fe8521038,0.06471031632782734
ck_90696b7182dd9129,0.03334529063355194
ck_4a24ad61d017e1ba,0.042459465642126
ck_0acc3d8c67218b9d,0.05655940881008369
ck_05c97fc9de11aba6,0.0787040943732331
ck_f8ac3a0500c0ec62,0.007471060638707419
ck_617b65141f546a1c,0.009204204895507651
ck_9d00823bf60388d7,0.016204492169742134
ck_123c15d93f1840f2,0.0409363782847083
ck_573feefba6bf78bb,0.032035481180192275
ck_b25657bd16739036,0.009161061586784005
ck_bd26d2bef14a8597,0.0030980017287998976
ck_a553418f2fba1440,0.0066235241497639855
ck_89f3e380b0686963,0.004679225295895904
ck_b359192aa659bdce,0.007054314797425659
ck_02241f3dc301bebf,0.005883842687432245
ck_5ccc1a1c78cb33ee,0.12434728802440687
ck_349cc5edda1b8853,0.013945977524544196
ck_e9f228845bf6e28b,0.029608561127585205
ck_0a45d033d4e280ea,0.014666348509158624
ck_7e63168dda612235,0.0014241121993749364
ck_676fa5f6aae5475b,0.007804933408921064
ck_74b502b20690ccfe,0.006725588360538929
ck_073509af21dd7f5f,0.4036888418412169
ck_498a0acd450944d8,0.0026674547592825536
ck_7f15b50b29dead01,0.0162591922792828
ck_8089fe7403c5f537,0.0024946780781273945
ck_05b2b04e11d9ae9c,0.02567491830791423
ck_31e70f2f04b48b88,0.0013280137699639225
ck_994316fa5a02b319,0.0016717344821707337
ck_b76510998b9a2260,0.014652952204107315
ck_4db95c310e105d30,0.00301850692887385
ck_6f730b77dc6cdb84,0.04398238569752779
ck_2493ee8e7b91d304,0.012059359187418824
ck_92d679d6ac7dcdcb,0.06080306719693501
ck_3a0e0200cbb185cb,0.23153666363014008
ck_0b2eeb4e00ff7955,0.015276090300295555
ck_9843d0e61c37ebe8,0.9572526532281351
ck_e61c8721e3ef1921,0.0069999958648750225
ck_2e0eedaaf2980c2c,0.011974174578521053
ck_9036b2e5e9298a34,0.038822797143344766
ck_3265442528d51728,0.012711597958226708
ck_f2ddae2eb1cb29b4,0.019602133078262193
ck_6cfa71d27fc27f92,0.009232178932210813
ck_f3199fbe84a28b9a,0.04371494137548846
ck_b78d785ca3ef773a,0.004319006365805525
ck_374865697f1480eb,0.01671788734305422
ck_06d0e4a9189302a9,0.015058258772164476
ck_9c9884b9bcaa552e,0.09283075910762459
ck_fd4cf578e87703ff,0.043842665143664715
ck_1917ef3e6e345549,0.07077436918100878
ck_e70418b00cbbbac9,0.018719669665424012
ck_a60388296a47062c,0.010562515369668676
ck_d598fe8d2c779ab9,0.011128530008076155
ck_646dc03de4c31803,0.5112200762055913
ck_e4fd8cbd842b6993,0.010669824083351341
ck_2225b555aa2a42ed,0.008793461257765384
ck_6be8ae9d78148882,0.019851164340629727
ck_4199342d3aca74e8,0.07604008553835453
ck_779581adb573261f,0.008130071134847953
ck_bb303568b6915205,0.011069159948662519
ck_17c4296276448afe,0.008792390540850984
ck_a60a61ac829252a0,0.004676999451059109
ck_6ea70950c1cae00b,0.9712329445166631
ck_1abb93f6924645e1,0.016764244548518464
ck_faab769cce19879a,0.07165660938801109
ck_d5b8e74e7ca6355a,0.029116337906222083
ck_f11f7691af16ad07,0.007213863004311599
ck_188fdf2be7c92e9d,0.9771640387407744
ck_4a103f8254b366f7,0.056642013457365054
ck_bfa17a0b1760e616,0.01198139920767416
ck_a4d7f6a5869d440a,0.7675774330419198
ck_58e20f5a3e7f11b8,0.36242069486641637
ck_4becdd3d2696c7ba,0.007150633998302184
ck_dad5cf32ab9f243f,0.005904995071325506
ck_7d9f73dc7c4f90c3,0.06867059312202564
ck_c19371047a2d011d,0.040499522003498614
ck_247589ff532f7aa8,0.0054687442189406245
ck_7a9f241d5f082567,0.014269339870781949
ck_0a2b7078736b4dda,0.00896882534125334
ck_687b412e2aac7eb6,0.02230938492446021
ck_fce0b6855886a0b8,0.0043577814714985475
ck_e291cc60920456d0,0.020350331629696006
ck_04219a7ea798db51,0.014260850278297751
ck_286bfd719836e9f3,0.11024166873772369
ck_55efc92394fee232,0.030576159461259307
ck_e36c8da1bd359960,0.020615311823532486
ck_34b0988a97d96902,0.010173482442650868
ck_e0fb11fc9dcb34e6,0.03125633499335095
ck_bcc9cbc9ed8b7c31,0.0069623332739542085
ck_3df8da6f60a89a5b,0.006366278149875351
ck_b1495ee5c59a6b28,0.008823586916299413
ck_58f4c3ac61fda129,0.035544558027069184
ck_735f244b99e3aa8d,0.007618535870482065
ck_6b93bd8abf87b1d6,0.6172073982906233
ck_12107dacc6d05bd1,0.0032742042282091818
ck_f96db2a1f3448d1f,0.016464479476849234
ck_8fd91a3c99e19097,0.03611747975574166
ck_910205d25388a0ae,0.0014665451722452477
ck_d229dfa0e4442628,0.0011163475290922257
ck_7cdec61e1c488798,0.010766617063079579
ck_f66f06e24ff32671,0.02097429768399281
ck_350bf14e90b503f5,0.010023403150499755
ck_61fff5fdaadd394b,0.006931370726450688
ck_e934f984bad2ff91,0.16031909930548494
ck_ff6a6d3547dd2d37,0.01436311439969154
ck_65ad9b15979e3247,0.004902941604839353
ck_bbe1a2ea5a403ad8,0.23125685226751602
ck_6f3a28eecd2c4031,0.018524796047276946
ck_a89b66665714058f,0.016998461799322476
ck_918c92182b6817cd,0.028691377735284775
ck_64f5eb4be9e7b8fa,0.039651301010688436
ck_d021fd497ea35fb2,0.009851656167297216
ck_004de16f7d8a42ae,0.00995268795984141
ck_a33d2325f86ab12d,0.020217577420009278
ck_89790ff26c844bc6,0.02097129377494777
ck_e6e7257377c37b28,0.01738685091234455
ck_a2cc3910a641a808,0.4407985827470033
ck_646e270e0195bf05,0.020324200963281802
ck_baba5d66def0d770,0.16365964941402514
ck_67cdcdda3033842d,0.16685255376339858
ck_b5c3075c811a2216,0.058280285467261696
ck_515379973a8044b8,0.03213718119947227
ck_c0ce85fb4109567d,0.00870964483477751
ck_fef850553862aaca,0.017041193762517934
ck_55d7217b0aff9fa2,0.008284932651476444
ck_8e139f8925ef7968,0.0509399453299629
ck_9e35b908fca1e4d7,0.005036830081420514
ck_59735f4ab2ad3da5,0.027782504981455562
ck_dc569c1167ccec0d,0.21769269366200414
ck_1dade5592f90a15c,0.01570646073687617
ck_793048d11fb8b328,0.1768437051108183
ck_545b71eb4fa594b5,0.020976383595319923
ck_bd30853e9a57b544,0.01966149661541881
ck_59f46321ecf6d306,0.013373903065257606
ck_260cfe9141d249f1,0.1936139101005704
ck_3365a0ad1a8aa83c,0.0021625256647088966
ck_b0ef193195a2138b,0.004298415960935355
ck_0f909705e2e60f2f,0.012172241282767662
ck_5a540b75c866166a,0.005221398074541734
ck_87c26b2f41025109,0.9996482505150021
ck_27acc9f320cda104,0.11698999473404434
ck_a27bc31eecd9cb9a,0.00467860598777212
ck_115d86fabde77b65,0.0032855649422461755
ck_eeca179341d56f8a,0.2512348982769211
ck_8e5999c436cf037e,0.0019146763344503159
ck_510e7c5df1f95d90,0.9095786763518642
ck_f1acf73363925958,0.014275345458325107
ck_3c177f5970b68bd3,0.008364965461274618
ck_9cdfaa1c30cc9d32,0.009532275186767256
ck_c8efa1538b37c359,0.03991011435635351
ck_a8a2e296f9804bd7,0.005060573573120135
ck_91a0ca45f429568d,0.03423461305667534
ck_5fdf8a0bdbd3ed62,0.007070498387568916
ck_0f4e2ec66d50da5f,0.048760508019882826
ck_28c53b214b2ee882,0.05381154325359226
ck_003148504557f720,0.03981546267193543
ck_01d840cffb870615,0.03371182606618404
ck_555848d51f4b5f35,0.008554437051615328
ck_df20cc23b8fb8e22,0.018814056917961647
ck_f9604adde929beff,0.01166442939270347
ck_d66952b03591bdec,0.026309105895623224
ck_ddcac1ab765ff61a,0.02227369254672165
ck_347386629d96c664,0.0033357289670522287
ck_ab01db9117acfe3d,0.0032429563404317223
ck_58e5359efc52e0ad,0.03407065430169383
ck_1a524b5cc8da71b3,0.047814251449829516
ck_e9287b6d909d731f,0.002526287590498323
ck_bb41a66e3d90263b,0.08128297474991503
ck_e95c8cc1864bd584,0.002572635273807497
ck_7a3f2961e9a8b6dc,0.032973567190246814
ck_378a9df82b1e0bee,0.11558506633839521
ck_42633573639a3f02,0.9209930699638335
ck_2a5a4c18c2c7274b,0.010581064422591492
ck_77549c1a41f837c3,0.02004343970224717
ck_a26704b5b26258b7,0.011472895525191283
ck_9874ad160efddf50,0.013781389751922859
ck_9111e3a04b14dfba,0.08043460398500421
ck_651e076ee43aea85,0.004775850222526432
ck_391639c0f13932f3,0.004693472693782572
ck_02dbabda93c8c13d,0.025967264665654344
ck_0adcb1fffcb0a34b,0.010104455295214042
ck_7a43ef9c7b1c67b5,0.0014836751956226228
ck_4b9dd69946438d0b,0.011502628944524584
ck_90bf017cdd37b66e,0.01295456667344278
ck_61c74163eb36556e,0.025095428835153567
ck_13376c59b5bd6943,0.006416211326739681
ck_62337eccb1672737,0.017464884566546206
ck_16077934338472bf,0.0027093450844665524
ck_0d4dfd93086e7330,0.1272296597577086
ck_3865b7525b910893,0.011095612831375794
ck_7e2ae8b69ebd5675,0.05227533989925346
ck_b4384b6c11766ce7,0.02447412346639182
ck_3d7fa32dfb9fc692,0.021131701142916483
ck_f4a6a7cadd6e0603,0.04242087089771554
ck_212525e2828a6c45,0.05206974747711331
ck_33ad8d53394ba77a,0.2602027133470955
ck_a5051eafe8b51224,0.036552991549182554
ck_f65e5ff7da565f91,0.007751641413053885
ck_5c37f7563fa7591d,0.014840336365048364
ck_f1e0a006068aff29,0.013206311316994141
ck_c646cdead6fb79d0,0.0029767058214049875
ck_f8b3cdffef535330,0.03610220132164719
ck_e5cdbe3aa12c97f6,0.0036167103767566246
ck_986e4e61440506d0,0.04776312415927138
ck_6da9c5912e15d9a8,0.020712635283765365
ck_51d842e6dae74c71,0.006369626972021181
ck_5fc65c24e0736d5d,0.061803009546341735
ck_babb95a76c69509d,0.052514851124205876
ck_86a2d852a9715432,0.0367981571037247
ck_db4083a0d043def8,0.043222005494619894
ck_96953b8945b7d403,0.002914718280783072
ck_7831ca5c31fb3859,0.02827664151482685
ck_60ac5e5f375daa38,0.01798356062786402
ck_05d44eb1f5f085ce,0.0023154816961566977
ck_432cc19c7eeaa46e,0.007292442057904183
ck_7fc513033af061af,0.008663458568649848
ck_ada6ede84c111719,0.013466322710146453
ck_6343e0d3b1c2962b,0.06438534762075607
ck_010264ae04f2e902,0.044562486511083445
ck_e9dcf535f8c289eb,0.04036106300033898
ck_37143d9cc296e6fa,0.006263879399813782
ck_61fa051192f3e810,0.012782417187530011
ck_f9f93d1d41be1468,0.23679455494097046
ck_c4f4f28457be8a74,0.008375043585387959
ck_323a71f9452d21cb,0.2600140600078585
ck_170f4688e0acd875,0.04845375654298271
ck_869b1878d09d230d,0.09028215295900069
ck_2f6b33bf46976229,0.006878804275628273
ck_b11e22e75d9b99de,0.008244526111576347
ck_123d75ffb75b606d,0.015424008600435088
ck_94295287a04c85d2,0.039625222793449225
ck_1b0434f096795328,0.010951672863879653
ck_0a4e191cd0a57ce1,0.0029086235343380464
ck_d2fbd0df99634676,0.00991904713777758
ck_d51df5e9fbbbcc94,0.06154381102520478
ck_2d3d7d64a6f443f8,0.0037052965086114046
ck_731943c682c9394e,0.055838409569932745
ck_5ccc0c94e5e1f849,0.007254382010305738
ck_c3476080516db25d,0.015158538009960358
ck_5010ffb1c94187b5,0.011381316109575346
ck_7ef666d67bc70223,0.01595649317895949
ck_c1b493527224a27a,0.009066362793542391
ck_5d1e25d7acc5af9a,0.004427335562072976
ck_ec30b61cbf517db8,0.00540701260866758
ck_79323eb5d2e5efae,0.0026135713388168403
ck_4085cd3bf2661518,0.022803900648171817
ck_2ca91214c357c072,0.044671804774908966
ck_7f3132d6be389657,0.24907655255122596
ck_e7a6b925c8f39a85,0.0274707121292788
ck_c886adec7bac250a,0.022974776682801304
ck_c3f360c2d0ea0a37,0.01872288731759226
ck_a7acd5b015823793,0.017791360239344158
ck_9d64187c0800f84e,0.0325975837058583
ck_5d4ed73b9efd7d11,0.016013291908554512
ck_874eca6776b34dec,0.005734200572612452
ck_96a9221a87be93c3,0.01848933031753731
ck_68dd79a51eabf5e6,0.10142639510678293
ck_8311cb6755b2016c,0.001753154935456942
ck_16fc77b2bcf5ec03,0.8520498922269553
ck_ad9e2088a33c8c72,0.00250228537396618
ck_7176bbc97b1e42a1,0.013744673839304175
ck_80dfa54b30f65fff,0.25160875967267354
ck_31c54d540b128843,0.02526848365592997
ck_43ea894480567274,0.02658072316165352
ck_9c9e8a38bd5a6c88,0.01285172491239841
ck_1c2dcae19539e148,0.039240120341074984
ck_b0fa8b84e94d8ae0,0.016942855829713034
ck_4ceb43ccd0a81c2f,0.009517651417463557
ck_ba845332b730b596,0.010938923173523277
ck_73d3e8c6077f61e6,0.10734372550870201
ck_b5d0d223ef56473f,0.021495664691359002
ck_949f08f8e80e93ea,0.009557221166095678
ck_73de0b49709e5f8c,0.009627225840879706
ck_b5935e9722a39819,0.014171786027086915
ck_96247fee0eb44420,0.01922823687475324
ck_a6def1e4b2d57e0d,0.035032632081678866
ck_aecdc5a96321a2d8,0.01606275470358635
ck_bc61c59970f8de49,0.01053455553786455
ck_c43b4175fc9ac5bd,0.17500103455713636
ck_8ff7a9b23a55fd62,0.004520380538285561
ck_20c99b645f462449,0.01919908398531799
ck_a5ce2ae36fb410d9,0.0021731078434623434
ck_96fb9bf556842bbc,0.010534058103215418
ck_b5e4c6dbbed1b773,0.02227369254672165
ck_2085433978e72ea9,0.020293951714842846
ck_2c6b174b063ec637,0.005843681325183446
ck_b20b81b88dabe28d,0.02769978927614145
ck_243c18dbf150831c,0.00579892652442442
ck_2bb6a17e8eee35cc,0.02098054975786007
ck_66147fb994495396,0.08927316018208094
ck_73f124f075ede0fc,0.014765740564975658
ck_2e315f1b1e533dab,0.026246930297837364
ck_16c7bf94ed3e7a6f,0.004287700632674345
ck_4a0eae220a762ac5,0.01171572855948122
ck_dc16f939c2f44ad8,0.08354591042886915
ck_817926b449754917,0.01669874658175897
ck_0c0dde42ab64ef87,0.026071597503910863
ck_cb3a40594da6a2ee,0.008714124422773327
ck_d0dc156441fcfdcb,0.014429267587383889
ck_66f0945add423e9e,0.010171863580426007
ck_a74f6a3030f5d495,0.043003431353588153
ck_1ae460f331e49ae2,0.031044845105907576
ck_2d177b2f4f0b40c9,0.2704922533007968
ck_92e474e4368c4791,0.005363662824505856
ck_3dee83fa2d109484,0.004266028587368106
ck_80e5ea27848069fe,0.0020833829189067427
ck_ed0c4a83701ca230,0.03230176399234229
ck_0b8b7c5c581fd161,0.0015373700760051912
ck_60bf8a2870956fb1,0.005843681325183446
ck_73a54b56a2bf35fe,0.5265391231237075
ck_2296d7a563424883,0.008106443309803908
ck_bc19c383560c7477,0.012879719172082676
ck_861d8e3d88f1079e,0.02310627090658543
ck_3f090fc96c24eb28,0.0066249924455364494
ck_9a6a1f8102febfca,0.008679513489250584
ck_541b6ad5d2fa5a39,0.010161866649139326
ck_a760d38d1bc4de97,0.0059280327357754065
ck_7dca4d7ee10b4eeb,0.007217008905143043
ck_15220e78d1545e40,0.002628946066522302
ck_ca24bb0de508efb0,0.01664332605403909
ck_56b389627d8f02c5,0.9706455224200011
ck_48a6754977a44db0,0.02491373834507821
ck_333a43ec339a04cb,0.03658524348165271
ck_f22aacaf86a65d7e,0.03629369460485671
ck_04bd8a1ffaf3ffd8,0.014214603109587425
ck_2737a72de6b700f3,0.03512107359046126
ck_c35e03b0dd0c3454,0.007370716454529373
ck_e0571312f395cd94,0.011404361669458468
ck_09fab6b9825001b2,0.01584723938506789
ck_18c3a095606209e8,0.025702361432170195
ck_2a97db9377d01e36,0.0020016552852725965
ck_f29dbbfdd2786bd1,0.00295775420847392
ck_35d6c510ad29362e,0.18403888939374347
ck_5468fa99c945d785,0.008604459809038676
ck_6f8102f62c876cc9,0.01728832735610384
ck_91955aab3424ad16,0.026073932623806233
ck_9a43c0c73a39d759,0.004031486983726855
ck_60b023af6d1e30bf,0.2587978612526808
ck_9704c5cf8659cedc,0.011944093726867042
ck_7e5f02b51b9f78bf,0.028027969338325433
ck_7d3a88d1aa649708,0.7173302979396752
ck_8250eddc1ecb07a0,0.019389969937190422
ck_d979ef95ee44023d,0.011247809189612771
ck_5e5461dac83531ac,0.011295255712218077
ck_d1bb8890081e0a31,0.009467293918291986
ck_32246c62640648d9,0.013987224493128444
ck_77a40c7d2f862a32,0.033123029873855556
ck_1c8b94efe9238f5b,0.0031758522757030865
ck_eaf3b6d11bc3cb11,0.001026581846498296
ck_a4a7ef3ad799c380,0.024734628697520612
ck_d5bd8f68da073cd8,0.05328110296704484
ck_6e6258227fc8db7f,0.00842534438380682
ck_c35d444e05799db6,0.019049106906949092
ck_74665e1209140ae8,0.04055546382612144
ck_353a272478f7e903,0.02202251551149962
ck_a2c9796ea229a4e2,0.009429737421463554
ck_e0171f91cb3411fe,0.00738011433856792
ck_703499f5410280f7,0.007375118175345704
ck_ae3a763997f8f385,0.006833249665986465
ck_f7ff94c3df5ac874,0.02886556997213382
ck_f3c16d8f747db046,0.051287534852488575
ck_7ef019ed77276496,0.004099836229350762
ck_d6a4faadab58a3de,0.05785583382658801
ck_ba7b78d31d74c794,0.017344016244271943
ck_36287d063350ce9d,0.004281752080248406
ck_5177fc7137ff26ce,0.02577459177714723
ck_dfd4e79aaa967b63,0.025985493727413433
ck_fb44d15fb93a7157,0.13427679100183845
ck_fca478361870a4ca,0.012800381011545929
ck_e57b94fe57341058,0.007195112452791731
ck_5448c946cc4758fe,0.014867497474059087
ck_c5ece5ffb8800ad4,0.011674827249322166
ck_11cb98211b2ed134,0.7880635988520421
ck_f655399ac75c4450,0.014113741563964279
ck_c817259019588d30,0.02069753763830105
ck_8740a14d8096c6e1,0.008600296647881039
ck_0c5ba86f4e05b38d,0.006803652713004228
ck_ccc917533d4b73d4,0.008699682539002416
ck_9eb80edfa43203de,0.01947913882907308
ck_d1a1cf4cf61d6801,0.013543425973342266
ck_b17c239f160e6017,0.005400956038496921
ck_410c3e13b48e0415,0.012747602321899167
ck_ab553954435e8854,0.6433117868987163
ck_bdbb4230c91e1604,0.03958204447813573
ck_8fd4937eadd64fb6,0.017185399975789075
ck_e0e90b196bef3c11,0.003986262998364454
ck_3dc4d464386f0eb2,0.15539724831012677
ck_51bbbf8f8e8ad005,0.9903381032255749
ck_c05737ab74cf03c6,0.11448138990502599
ck_dceabbe04d99afc2,0.005839250939792477
ck_5b86fd14e85bc9c7,0.2359759692928889
ck_d4febf0083800424,0.09962587133240425
ck_77d9f86dcf251739,0.01201373235623716
ck_b4dcebc543deaafb,0.0074728092894242515
ck_cb856e75c949b0cc,0.003056332710250531
ck_61b067de8ffc1ca1,0.017591187902770353
ck_c0e8560ccfd9dd9d,0.0022537841452648882
ck_173e1198c341087b,0.0025613412845112648
ck_b4d55bc809000276,0.04065901342286191
ck_839bf139296b5cea,0.10433319844946416
ck_78cd402a2a4f2e35,0.021658556369425087
ck_c2925c50ebacbdba,0.002526287590498323
ck_5e3bc76eddbdb0a6,0.012063515561077848
ck_b7793edca26fc512,0.009656430375401202
ck_d79bdf04d6f31cd5,0.03238180781035855
ck_4b97d19ed946f503,0.010460767222334931
ck_37139b41c5370523,0.025967264665654344
ck_8c346eeefa9ce692,0.06977977797754034
ck_2ab7eddee2d8c49e,0.009070214011145458
ck_29da59ea3bffb9d8,0.06925682072118147
ck_c1d05ef0ec6e4be7,0.004418666149333022
ck_3882423b449f6291,0.8595274324684303
ck_5647030283171ed5,0.6255398504722165
ck_efbdcd9c181e72ca,0.0030091866877978634
ck_192fdad892782daf,0.1915224668519957
ck_0bf2e13b9f2601ac,0.06371690628075509
ck_3d6046a533057795,0.00026483862122036946
ck_279a1d3a3836e5cc,0.03046453176140868
ck_c375e929becde422,0.002594164600420554
ck_a59e90219939a1f0,0.002526287590498323
ck_4e9fba1ec54c3ff8,0.008500284207082766
ck_bcbd8588a13f5eef,0.0005918599866526902
ck_5f9a7ff990341bdd,0.0016363115466023908
ck_e0403d507519b7d2,0.019965522976585083
ck_c9490cb61aff5112,0.019444515349972553
ck_41dd44308e6a665a,0.07184377122873534
ck_76c23726cd7ca947,0.006376372052771052
ck_9be551300209fa83,0.006134580491951216
ck_a98848eec6c9581e,0.035858475571224964
ck_61176dafb33b2d8a,0.3341501625156467
ck_92de019e05971ce3,0.0068847404464138975
ck_5d644224135d7c65,0.010045834382978036
ck_c767fc454fa215d0,0.01884437673451948
ck_5df85a8924e11f27,0.023292316248073455
ck_da2729307af06ed5,0.05658504598797947
ck_7c6b577174af7a78,0.009355525200918856
ck_893b8afbe11301e1,0.003114101469863668
ck_e06f6fed020ae014,0.03198930362038024
ck_386680372fb54857,0.017930222950775367
ck_7a7f3c4fe0c9d2ca,0.09256597061179486
ck_f908b527c4db422d,0.02435005807518237
ck_ec2eee6a133e9a6f,0.014726018114150159
ck_d98934f9fe0b02b3,0.004903711578796674
ck_398a1ed77b0130e5,0.0069348403557515075
ck_d960af7a55b892b1,0.016575730181612666
ck_4637e54a9f79e2e7,0.021102265061359315
ck_02b9f418524f6650,0.00926834558615407
ck_d4b23804cebb045d,0.007284484374531792
ck_35b1939c48182a9a,0.015135568132171541
ck_2dcbb71e39d64305,0.05876592633308142
ck_47a884dec960ff2d,0.04930591991833487
ck_71fd8c346fde5cca,0.028653087696291848
ck_98e1992ac8e7d2de,0.007719019976822256
ck_ae7780327e210522,0.08668573347246256
ck_e6c584b4b1ad6d9d,0.01022352875421709
ck_344b2e326a6c3dcc,0.007445111862956543
ck_9aa899a5230b0963,0.0713028229687841
ck_e48d14d5b70ef5aa,0.002245962363892034
ck_59d380a0973b3951,0.0043013931576895365
ck_11318f7c041a5ba9,0.002984209016640133
ck_7061786fe2f22f5a,0.01487761637555036
ck_e77529651c416cf7,0.008790329609082518
ck_7f79878197340435,0.004093733969753005
ck_b0a0fb0ee9ebf106,0.012880015848190379
ck_70c7679199776a90,0.00840391871692172
ck_b9facd2210daca5c,0.10758203226013074
ck_9949f53c155b8dde,0.007452571453091733
ck_1c607e24f2c4397a,0.06105411187760821
ck_aefd1ce3ce093cbd,0.006729459848662177
ck_5a29b7018e43280c,0.004666756642536981
ck_69eb0b2ccfbe5f95,0.04940111772191568
ck_fe037765aa465c58,0.002057739068572444
ck_5e512ef5362a3dd6,0.022816800770825735
ck_544a9e80b7fdc279,0.005503501279023924
ck_7825494e654d5695,0.019120840605604057
ck_f1f2c3c623553f0d,0.01270371476446597
ck_52730906e5b461eb,0.8130036512771852
ck_01e0689157fe9617,0.01701598677888405
ck_9da82e567074da9d,0.0076147761751383615
ck_6a17384072f904c0,0.0033421667907854564
ck_8d84d771a21942a7,0.003922691712364174
ck_39638880292782a7,0.004013362399071304
ck_7d51c86e0eec72ac,0.007803269584816685
ck_45f4c821c70d134f,0.30855309997126656
ck_0af3c13ba56ce57c,0.0047509106676801366
ck_0789a05e061b2784,0.14956085247016826
ck_6ba091eb42ffa9fb,0.02693371521917983
ck_265accb3c5c32620,0.36447522515206154
ck_179039559ff7566c,0.025967264665654344
ck_17c0a6a92b5765cf,0.014078172549541195
ck_59371c9140239fd7,0.00987715263741605
ck_f9c4f8b4ce2691f0,0.0948250091296579
ck_a2637e4872cf4811,0.0773851666330455
ck_1de43fd6c6c22a5f,0.05741164924053867
ck_6e4f31bd108571f0,0.035697241581584715
ck_da06d97db0b18851,0.0012793540899392775
ck_e0346d5081e640e8,0.05839860500440088
ck_c1c7d4e62c9fcded,0.005898823949849115
ck_2595669e421299f6,0.027896535280429166
ck_3b6057d51fd4c7d6,0.011794701874261786
ck_c5f8ab515840a0fe,0.01981177171258139
ck_435cb24538c6f77c,0.005257891171604129
ck_d84b5403da4cea7b,0.02144641098472268
ck_c2b61a98d1c8f6dd,0.19153698228900984
ck_c9dcd92b2f836b61,0.10220299749480928
ck_9eb5b3f5f672c2b1,0.0006697468935028115
ck_e4cf189a8d31649a,0.002526287590498323
ck_6b114f2a48152b96,0.004888622556464202
ck_3fb95862b70f505c,0.028047029687304267
ck_7f780f465c29398e,0.015420207304708614
ck_ee387f9da79e67ea,0.01696670973677256
ck_fa3b1e85d27af2ee,0.0246068798486632
ck_e739eaaa7a1822f2,0.019012746027505953
ck_dfa0ac11fcb1dabd,0.006982670452322487
ck_6e8751b571ea54d1,0.00804949395621158
ck_2d695f8358383092,0.027171103899770153
ck_e7dce27edb700f27,0.02845406718559276
ck_e322da8b213eab52,0.0003131389016264399
ck_d0b32e039abb8200,0.0029731384981114056
ck_b354003302b272ca,0.007205805502272115
ck_f7485cba392bc294,0.02783886307389216
ck_d6a290ff8362c7b9,0.16275993759977983
ck_c56a44fe315c0389,0.008156279493927018
ck_f77dfe6512eae322,0.01733789417101573
ck_35fe969c58b9e70b,0.020362107226891125
ck_4c518637db2322d5,0.027015486640396734
ck_cb61902798ecc4fd,0.006541711849272456
ck_56e6cfa32156a916,0.002526287590498323
ck_343e6ed2b9d35c01,0.004805846487083956
ck_51440f64f7250ad7,0.005493783467467748
ck_295bca29c34cfe2e,0.0013975926081703928
ck_dd30558576b45e7b,0.014287416142296316
ck_3a30132a57181fe3,0.03918197639696839
ck_4a733aeb833406f4,0.0013941261790614932
ck_1b0b7c3d35ab1259,0.0230104837605711
ck_962c3bbf27cd4b80,0.07684300300466056
ck_9528e1d6b1707870,0.027409291376837494
ck_b3263e7f31aab45f,0.029442349661628574
ck_e69195a3c885053d,0.013498684619420448
ck_a907fa8795cd4baf,0.017709984275483898
ck_205c3405045bd835,0.011371547804297383
ck_e81fc223bed3c46a,0.032121352493119766
ck_363751deae40edfb,0.02267802389903362
ck_6176baea8cbebbb6,0.002304075623306938
ck_633e6579f5c74a5c,0.28255780171770056
ck_ddc11fc481eef58d,0.011882761199720537
ck_e975002c979e12c7,0.025534236204594107
ck_8e039b23acaaac00,0.020010589849732575
ck_1d6990d94a4d2ad6,0.0033805157314389443
ck_e7b583acaa3171a2,0.005953382841171243
ck_c0133f60d39b2fb5,0.007934224337669816
ck_7d6bff85e7a694bc,0.008463107009716296
ck_d305b4d82f63f647,0.021843128532071213
ck_22bd0fc71f95e048,0.09261573996680036
ck_9a65fcfc7916f93f,0.008930221855300575
ck_d61c837b0106085a,0.02557316867257801
ck_be86a1db08dea456,0.0209489293841447
ck_90489c405e6886d8,0.03609315862318251
ck_0add2c321d579d75,0.03386541875535748
ck_482dea6eed92cbbc,0.003908421999289826
ck_c24b47184534cc2c,0.9762835967281676
ck_fa04ac31e596e7d6,0.003138554322854324
ck_084322dc5a3a86f0,0.003341941521074115
ck_ccb72a33cc1877b7,0.00929300611689548
ck_afaf374009d3b248,0.02562064143013128
ck_b53084ffede19a8e,0.0049157557893290595
ck_4760216154c8cac2,0.04741083167448305
ck_37ad3a65db673e70,0.004686487150925846
ck_0c2932cc0d553694,0.013394440144828207
ck_86b853c52f20fef5,0.0025303947829637776
ck_38703b7546d35a80,0.015713570782878262
ck_218b7e6e6dbd2da0,0.018785928647193913
ck_402db4184982fdf5,0.010016529621060992
ck_f917c82af80e4a79,0.02902085523688524
ck_3c6417a233c68c73,0.001585577443638406
ck_98068c397d70dd3a,0.09811684158158729
ck_b1cbd6679c0f8d95,0.005239380571171664
ck_9e962f9bb0e7bac2,0.030639295019597747
ck_b08247c3ad567d92,0.3103195169923439
ck_3ef7a03ebb81cfe3,0.0022219992151984425
ck_5d7ae0e3562e99bf,0.03702073987125909
ck_c91a628236baf91b,0.04992283831792353
ck_7f8e816ca51755e3,0.8639433766551584
ck_5aadd286d188f5c3,0.01049843882432001
ck_a037aff5f8128c73,0.017958687066059437
ck_5df6529ce8290906,0.03630665513958017
ck_5f3609511443e5a8,0.011600668160546224
ck_a6f61864fac3c8fb,0.0071205278859083464
ck_2733fc6ba23ae46e,0.048909507476754044
ck_22bfb9246646eb41,0.13142925854625465
ck_bfc2a57d8fd1610c,0.06747537545161006
ck_49839e761d0e74e9,0.0074590315429581625
ck_aa4ba931dd37481d,0.015235159938894363
ck_2f9fa0d61829f815,0.011239427936873035
ck_5b82c774df10d49b,0.002916619029091985
ck_411219470d0a195c,0.00957226544859968
ck_d07485ba10514a2d,0.16813209496069795
ck_219bef979ee21bdf,0.019643711603463475
ck_eb1006e7285184a6,0.009376173117436049
ck_fd242b18575e3063,0.005744330960132229
ck_95188150ff059c70,0.058071689573491896
ck_a9ca2f447b984a6a,0.05060967640114284
ck_2dd39723c4088b64,0.012393498439434297
ck_aa2b4c662ff213b6,0.011123828798047785
ck_1867b1199c864db5,0.06970710042582104
ck_850ec97a5a0dab9a,0.11681617439735967
ck_562320295fa35875,0.008507759954307822
ck_bab5759b07fe2bea,0.002319488548581326
ck_b9f1465d803e57b2,0.07182971790208305
ck_8f21f2690c32c691,0.03749376866701417
ck_df87d6f61a63eb21,0.038359550851899675
ck_770475876d0e7e6a,0.021072774494697768
ck_b4c014d5c0cc9eb2,0.021680258572169934
ck_3add4d23124c9290,0.004921829281579899
ck_bce5b7fecfb6264d,0.05405527959085632
ck_604c17cb97dc89be,0.035985649918237175
ck_e52cbcd9aafd26b2,0.015951369996334067
ck_0ac9114076f5bf3d,0.010497435595590104
ck_dcc125b178b79566,0.0010705526307100885
ck_4e333c09f0c37dee,0.09255945732813313
ck_ff7e31ff8ba731e5,0.010395440399620707
ck_8d0532d24f1070d1,0.0026448196778829907
ck_3689fa41748a6f6b,0.1043262784893271
ck_7509eb97c1948b16,0.028679309999436183
ck_a9161cf1ca22a6bf,0.003627484811705454
ck_bed3e3db135b782e,0.015541897181974983
ck_9040edd974ef8e3f,0.8265819678617944
ck_fac32d76ed40f683,0.006558175570262933
ck_3d7b1078e2d57c69,0.001321557399911765
ck_dae09c4e074af5dd,0.13112212331523831
ck_fd84507228467b40,0.08253950682484695
ck_e2a2ce9b8cf44c63,0.03963764734443545
ck_cbe716f351d660d4,0.0024308889038270574
ck_cba4162ef29a6d27,0.009757656987901056
ck_4f1e962ff8a29732,0.005218893933366261
ck_39a81899dded61e4,0.0519168468189245
ck_25382331551d22a5,0.03269587315894873
ck_6d64e1c07b19856e,0.016246012697464764
ck_165a868bdef28ad3,0.022439710143075414
ck_88774ae52e30e877,0.028910047488751013
ck_fc7a9d0643570053,0.0054646932498204496
ck_c2017120b3b88a46,0.013460730168541653
ck_d115ac6b9fd62a7e,0.0023055990178057007
ck_439cf7d51ec7de0f,0.0294275623737341
ck_2468a7e9e68a0927,0.006140847819305737
ck_7c418947124dee8f,0.016292064165326206
ck_fb0cf32c4a56f740,0.021286502113580717
ck_694eb6c43193afd4,0.0014854671800187075
ck_993beb188dd4abb6,0.024908678932914596
ck_77fa39d3b733c226,0.09330911866175856
ck_49969a9abc47cb69,0.017459323673841218
ck_d3f44bbe2f7e9b2d,0.0021521614277372836
ck_fcf5b8216d0c18ef,0.03865249416906302
ck_daefe1e2d2bc362d,0.0070401952614263
ck_9c9287cb28950eb6,0.0029637836368008527
ck_c1d1a625b885a975,0.06919519408048866
ck_71b37fe47490b4ba,0.01562548221721407
ck_5d16e257c0635f7e,0.8577166655903549
ck_15918075563eb074,0.007601677413101821
ck_9a15fdefc47e8d11,0.012410064298546918
ck_6f04d047d1dde75e,0.005474843253548124
ck_1af2c0b3b8d202c1,0.017273554569674308
ck_174be2231c5fd2b6,0.003150432035350215
ck_bb0713a2a1d65982,0.011271974778418731
ck_0daec63bd5b0729d,0.012632886839961974
ck_c0b5cc3e8ad2ff44,0.11035092929440792
ck_35bee1fc12664644,0.05829822511486685
ck_a1c7cf63467df4c2,0.004388875736228684
ck_ecb1e15f0b185ceb,0.004528141279159902
ck_f280d31f54a4710a,0.018742115351555646
ck_30f4b2ee8abe1342,0.04684557679273662
ck_66bed631354de5b7,0.0006199691664817433
ck_c2d3ecd7278eba2c,0.004921332029709704
ck_e901dec0e09eccbb,0.021862041222459144
ck_5d038ecb3c8748a3,0.0018113641526084421
ck_283c5bea94b21e80,0.0011609353552119977
ck_7956c251b85f009e,0.5252827905511385
ck_9f5f81d771146aa1,0.003769491795288814
ck_9323e6fc1e168eda,0.7022255635192173
ck_10495d3a635b8d69,0.03500156723889541
ck_1982d571cd36eb0c,0.01080392952105965
ck_4f5d7985bcc2eda4,0.17114153734220586
ck_7df526b2b4410bb4,0.01755539729800951
ck_dbb498b1a346a402,0.003503526715814115
ck_ef059997563e3330,0.006295218285839927
ck_02ec4e06709e6b82,0.004280558171181966
ck_9782c86ba6485f88,0.005252897369561287
ck_d69de468b44143ca,0.01819940748442201
ck_6430a8792f400e0a,0.0012399456153892653
ck_8285bd3c90af94f6,0.006318824691553841
ck_985c9ca112000e9a,0.012275756523913285
ck_e679fbf4f4f4aa07,0.016663193548965602
ck_016e8c8eaf9d511b,0.03506979206502659
ck_bc996c523944644b,0.050844050837002705
ck_5b8315726f6204e0,0.013916949937913311
ck_78181f8e998e442f,0.0018902362023497023
ck_71c68dfd011dbbbe,0.2422199960288839
ck_db32c95ce2b6f502,0.7332992528313853
ck_755010362a9b1bc4,0.0059804625151497395
ck_114141d85256c9ff,0.000612887261335919
ck_9d1a5cf5a3b87e48,0.008434184993760314
ck_ab640420858ab5c4,0.07715147944479764
ck_97a8dac48dd62488,0.11448227657168035
ck_879cc3166fe1bada,0.002200757641842984
ck_b0ed11080076e381,0.002526287590498323
ck_7334a9ec656263b2,0.008141400576959449
ck_6494f0ef13ce44d9,0.006763336670091247
ck_724e459b9ece38f4,0.0219216200484232
ck_7fd8b1470401695f,0.2717840411254791
ck_292f81186358b0fa,0.00437239101047056
ck_fa7de64d37287615,0.006679449362748529
ck_d00e09e66ed6458b,0.044592642116083006
ck_b8d210e741be186e,0.004520913780357527
ck_3db59982cbae4410,0.018066803140923286
ck_69887d0a9aaca6df,0.013550327617306438
ck_4feb21e2fb0b3977,0.00703200106089436
ck_08c6cc1e143475e3,0.005779218054534227
ck_fe6e168cdbb46b9a,0.20782702747300208
ck_07f1734be7fac56a,0.02191567874324724
ck_d66d59981307db93,0.036409463742770556
ck_f928dba0d587d7c1,0.013342693546513903
ck_786448fe3004cbd0,0.0006990478756926413
ck_29ea329fa40ace62,0.02133204257289925
ck_7ea52b6f27edcb73,0.025342792735490838
ck_18bc51bbf3ef198e,0.03576687368443994
ck_44950df09ff14ded,0.0058880645245456605
ck_c1466b52c0a10b93,0.013291536345324045
ck_6cdac067cc4db5c5,0.010471984259262867
ck_53f55c6e8cf2d432,0.003966219768735046
ck_95945f48453ca532,0.006376411807268044
ck_87cce4126e215153,0.0037188606543579377
ck_1ecd5516c92caa4f,0.005553730106097163
ck_819b482bca14c068,0.17376420570663975
ck_a61a879dd46fc9f2,0.004881058350440289
ck_af70aa32c009c3c9,0.05161107674795075
ck_f4fe78e249092ab1,0.0468173707386197
ck_12c46bc52bf45b36,0.009276847486398664
ck_f05f5e4b40afa52f,0.023513648601249725
ck_0f8cb09d3f4fc980,0.043705908535819994
ck_80a64a7f0275a71d,0.004220929569494431
ck_683af7b1540a0b22,0.007606076147319972
ck_51fe0b613c076cbe,0.0279719319792789
ck_da1a2450219dcf19,0.029055982454854207
ck_2a7eba01ceba6c2c,0.0426522131072908
ck_4e329e29dfa743ea,0.09511667131452976
ck_0274d881d6db82c8,0.002322321286973189
ck_0af5b7d128035b35,0.0009919487301026254
ck_ae0a7be6b0a0ea68,0.01808486938606897
ck_de5bb7a4d091386d,0.0444147786336242
ck_2bb7c17168a9d17d,0.01718426947231932
ck_0ffdff7b2f5fdfe4,0.01601123358837396
ck_718a8390b3d42d7d,0.004784612884528563
ck_7c4f12d70f184533,0.0014295766776036508
ck_d3e2c26b8adff099,0.008839730969185979
ck_ac9d3d9754104cf0,0.006152839774509703
ck_3b1766a1d51f8f0e,0.08470265827728708
ck_a9bf75bea912027b,0.025830238198092572
ck_687eab3ffe1f8cfa,0.025967264665654344
ck_25dd0b02af5b2f37,0.021163857925160085
ck_1747fcc466f0ae38,0.004189826471598754
ck_f6e9d14dfb6f3c28,0.05126561822527209
ck_c6a7bbd0adc4d5f3,0.03011124539961314
ck_46656a23f4456d22,0.15632036985896872
ck_7519260415c2998e,0.0020879074798255248
ck_754f30ea19df857c,0.03974675469004274
ck_ba88a244d5f7380f,0.006381343575781596
ck_f268416945316815,0.005060573573120135
ck_21860dd2159dff28,0.01706645348831528
ck_7a86ef4e2beaec38,0.0019616634403607025
ck_0414507baeea936a,0.044664211808296626
ck_60796eb60fc3043e,0.004895001855653063
ck_1e0841ed17fe0562,0.006233538337816132
ck_0d641d32658d6e0f,0.006240261169593734
ck_b36086ae6d87eec1,0.002946950571094587
ck_962e65ab33b5c311,0.7190272053057797
ck_b046a42684468e63,0.020529588983547765
ck_ab3426435b0017d6,0.02578166950815166
ck_fcfe06e44d09a344,0.007341278366723909
ck_0f6d916c92189516,0.005033596588380068
ck_d4c8f0d957c3965d,0.005736158997901781
ck_2ca83dbd728af019,0.004773353324457781
ck_2857a4ce9f72fbfa,0.000799253753717087
ck_a60e6edc48e3d0ac,0.13151747225879035
ck_0cbd3b27063d4415,0.009697824418385398
ck_612089ec90c37219,0.005064572584888145
ck_ec4e597f17f473c6,0.015587508751940343
ck_1c93cc58f314bf71,0.06826715652094902
ck_2b359a979520276e,0.01896148243299512
ck_1496568ddc3b2d56,0.006208264576917957
ck_41d91dc9f5063566,0.013350600503255145
ck_4c5ff58afe3d7a67,0.013348158398609478
ck_81709736281fa3eb,0.004986793735350968
ck_d89abbab3d4957aa,0.005806886141643366
ck_52453401f88935da,0.011422276097176765
ck_a477654d34783e06,0.009601408389579569
ck_72dd0dbdf808cb00,0.0032194207871326136
ck_c183dff3781746cb,0.05585568138337746
ck_c8b7f241810b45e5,0.0042276382438117864
ck_f88028c3f306bc70,0.016431365739255993
ck_91d48d69e4f5d9c2,0.007704268573091196
ck_b74b9ba6d7c9aab7,0.06947049467491725
ck_03e904682dc73bba,0.012896064224463436
ck_fc6fed6ea96a004a,0.01581779737394029
ck_51efdd240e34c642,0.0232000769761142
ck_e78ab4ff52b5fd2d,0.01781985159274123
ck_4af7b97c24d89a45,0.013851772288239346
ck_295c0072eca7f7a2,0.006477365716026382
ck_8abd1a50a9227463,0.029654761686010056
ck_ecaa6f13304e3dc5,0.003152497091644917
ck_de436e7b319be1fa,0.9660727048080703
ck_c802cf8f61466027,0.0049631490512131215
ck_3d83e0a3c1cfbf8b,0.01468446724460001
ck_28d2003c2d16e4b6,0.005008879848979211
ck_8ddaf745bbb9cd62,0.0004947431643772213
ck_493b6256091014cd,0.028830084956219002
ck_a2245822cfea997d,0.008779339958918103
ck_f7305b3c64cf8a03,0.0019414386521830406
ck_9937dad93a0ed3c1,0.020894929713873536
ck_d654449f9231ad76,0.007865129629691986
ck_850e2b59bc535490,0.023946379587721153
ck_e55e5bdfc0242aef,0.030806607386740622
ck_d35c51e981b98c5c,0.00438268538657445
ck_27cdf9c5e6f0915b,0.045440083406027676
ck_d328db1e1052d820,0.008475899200943025
ck_0ea30eff5f361cba,0.005701073818527201
ck_9994323f97109f4b,0.9756921185249394
ck_09054e97bdf9624e,0.0046565412320610355
ck_723b4afc388113c8,0.01837689474403579
ck_588f6e6a6a6d93e8,0.01919419374590394
ck_e1d563fab4d6116a,0.01052026649333538
ck_53aca610e20598bc,0.009275032675192887
ck_c8131ddc7ed33448,0.003962504384652836
ck_899f88464305824a,0.006029202338926828
ck_1c17c65804f8889e,0.003108061067286567
ck_45a16ce12893cf9b,0.018873422910328043
ck_f9d481aa4f9b2808,0.21824909282650648
ck_1d5d74169cf892ef,0.04365102498051086
ck_aba32acb61c1aaca,0.04118230462394545
ck_ec4dd3675a8d28cc,0.012151001056092433
ck_5dcd443fe0bbdeac,0.01757084543416289
ck_3a47e3f54475e854,0.001753154935456942
ck_a9aa5c344c315532,0.010112020452618246
ck_9652283c9f61fcec,0.005762703377995064
ck_752dd3d2487f78ea,0.009874461360360857
ck_a821980ac4db9943,0.10274884823732951
ck_93e0d6befb67f7a1,0.0165102534209574
ck_e7a3881c3e36bd51,0.040173658140493465
ck_12631b78f8a03df2,0.0007372845142461541
ck_57b8226610b48854,0.020955339032874984
ck_352657008983fd4b,0.0042824738115165
ck_0841a5c24fd3dd28,0.02897194132502491
ck_db9b9d5d30f74070,0.33431533588370843
ck_a9dded7f6294e44f,0.022143189763283486
ck_91a16336ce3217dc,0.005857007457041186
ck_371bd9388b287677,0.007148245196358601
ck_f285e5e1912a7c62,0.02851240687346956
ck_368b65fca69fc415,0.03658608086850004
ck_d27a73596b6500c2,0.009125235272948807
ck_2d963f9b2c4d11e1,0.04686132277220229
ck_7c500e219af39486,0.015885875287274292
ck_7d025dea5951cba7,0.011464869595326228
ck_32f632706608859e,0.0010255556315288217
ck_53816231f3ffb48d,0.016378756044675747
ck_9dbe184e81c1ca8d,0.023313107400488274
ck_d74123617f22a21e,0.021834705099996986
ck_275386782b1606f8,0.0031688176865102345
ck_0b0e79d33e50cba5,0.007455592709850835
ck_ba93cb604f792915,0.008794345064178671
ck_a86cd653472eccbc,0.010256751046605228
ck_87771861e0447210,0.1944283174838285
ck_212380e0371d8a6d,0.045237998669622484
ck_ef0d702d7b0ed745,0.005009032326449879
ck_2b8f33e22f939372,0.5926748189160782
ck_480347ad92037105,0.005377679830675889
ck_20124c3a16c53ce4,0.012962803411467522
ck_c9e1e3229baae708,0.016796732354551102
ck_b1befe967f7a5ebf,0.008732205116728328
ck_4672167d7c989bbf,0.0391949371111839
ck_f0c44ee5e3a42e3d,0.03973712607319023
ck_c416357d20238a4e,0.01692451205650287
ck_d0f470f8078c91df,0.02227369254672165
ck_3a70b4ee59084715,0.055793682011049554
ck_179ed66cdfc1ce27,0.0010495457032141252
ck_387e5a7f163c7837,0.03628229497398995
ck_08fb463e69f647c8,0.9359175118849249
ck_732f725747393ec8,0.011357346580376545
ck_7cc5e0fa3ca5a713,0.01863678261651664
ck_ad4a4daa826ac68b,0.032282599138913744
ck_472e0be7a3b533bb,0.009440063968351195
ck_7190177963eafdd9,0.009629738453503548
ck_647ac26c5900f082,0.00802691514762163
ck_272ae2179bbd8e58,0.007772118183321081
ck_09b0d8af304646bd,0.0037474836541862232
ck_ca0cc8ea9f344408,0.027358516761564887
ck_332ad134fb909869,0.011656127416880045
ck_fca2798914627dc8,0.0244608339574893
ck_4450b55f462ae134,0.0161240124070692
ck_d67d9dfb60b286b9,0.002777895930237885
ck_a9d2bb4f2bde7052,0.004184052707662518
ck_929bcae878a3ecb3,0.11880458670592972
ck_59a9e000fa275e1f,0.050843731251154045
ck_57f17254e2688637,0.03635776100433407
ck_0508908697f60ce3,0.15073172199393528
ck_946afc2943298d26,0.0020340228439039132
ck_7176d12b18f2cc0e,0.005426655449150001
ck_5c47b49c26cce286,0.01601378865648186
ck_b6a2bdb2d335e1d0,0.9389258519609028
ck_1d58f6caaa4d012c,0.00760168778171578
ck_71c917295020ccc7,0.022886562143994697
ck_bc89644ae3688995,0.016963347033694853
ck_e7c212f16d6df272,0.004675049946413671
ck_c6d2e11a368184e6,0.0029994006969996864
ck_eed7f1f7548df15b,0.007523321955592233
ck_75b69034000ca7bb,0.01071972888987509
ck_38da3bf629458682,0.0013908418508694663
ck_90114c891239d821,0.009518633872544582
ck_8ee08f6777cc155b,0.003962504384652836
ck_bd86132499defcd0,0.00675920639581181
ck_b95fbf2b5640aa82,0.012270476938667266
ck_c530235393360e3b,0.02336119450942837
ck_be52a7ec43241ba4,0.02900218840024387
ck_d96eb3cc55f2772f,0.005060573573120135
ck_dd34f0a844fb115d,0.09188166492567898
ck_17cc7b411f448e66,0.045761768972226224
ck_856ea65fa27d06dd,0.005650328699095815
ck_056d5f0301c30902,0.2602334540540647
ck_e662b14b2bab23a2,0.04591939780752453
ck_209f574c8d92274e,0.01566604632830888
ck_62720b81617896cc,0.011322221847074909
ck_041614694b77e599,0.00879233185834958
ck_461e3f7b97db8d16,0.012026207075709516
ck_1b74b798eebeabdc,0.009761698775425284
ck_0ed2739384f1d644,0.004377035404639681
ck_5a4d19f1b83feeb8,0.00270357846433283
ck_463937167965a1f8,0.01313094197811501
ck_9d7151dbdf100e0e,0.007544880725531464
ck_20a7d1ce6cc27312,0.0048184132826675045
ck_6031211ff118cf0f,0.0036916179020373783
ck_a6fc92aa91e99b77,0.8534549621642685
ck_0aaaa9d2f75a0518,0.008350953927522057
ck_ec26e327cc1848b2,0.00042006326794791606
ck_0e6bebf8ae9b9b03,0.0038706305704377074
ck_e107537a4cb738f4,0.002526287590498323
ck_e8ea56e122a5a487,0.003918408355586734
ck_98149ed45d38c4d3,0.07164020929907577
ck_0e719b3a6906b8f1,0.0020943327862065686
ck_0c6e7bd357e4a348,0.003124865843914479
ck_d3b2b250da61db19,0.5123961252953206
ck_8bb6b0a292754576,0.012289828993574461
ck_87d70f5fe48a6128,0.041484849859632196
ck_ea9edf9c107d429f,0.0412368506686581
ck_059806c52cebe4f1,0.15179085927829628
ck_a72d6df666e1c21c,0.007212126775491843
ck_1d2b80ab6c4944b9,0.004983104136650187
ck_60557f077abc42ca,0.06846859584351939
ck_e5f5cb7dd6ce4a37,0.008702344504986602
ck_4c4a939154446053,0.006765460266232102
ck_50ede3eb561a202c,0.015618479812346216
ck_6d03a542922b2ae8,0.014650225024086857
ck_d6fe761ed0db3270,0.010538835836488637
ck_7f0cd6ea3096f985,0.01106539086869745
ck_23edb6d938a3b87b,0.015597495058215146
ck_799aaf9f2b9ef621,0.002725969073602102
ck_f8f6a03613b6dda8,0.0009595458632301698
ck_7cffb189f4f514ec,0.8961914880446376
ck_c081e1967dcd811f,0.005060573573120135
ck_583d6ca78c97d91e,0.1469785972492055
ck_9332bbc7125219a7,0.004921961808770304
ck_956b5af6d7d86c65,0.896708136938725
ck_2d634e3f24681c0f,0.030720289777105975
ck_7b35d218ed0c5a60,0.02461742144627842
ck_ca5b1057f8248f73,0.11897551610126743
ck_ec5ea81cf813597c,0.00427591928555016
ck_eaebaf4d28400fb8,0.011754705354926566
ck_ae2ab6be219219aa,0.0030782012804725567
ck_d99a8b4c820eb46b,0.018360764096720973
ck_bcfb7ffb7cd428bd,0.003591883142837746
ck_3dd542c2d31be2c0,0.0032222290122708554
ck_c7dd84401e29a7fc,0.0014311755393551031
ck_c4bcc7cefd40f8e2,0.001064461745852243
ck_c251898b5d51e3b0,0.0012422447689720536
ck_36d37be780c1291c,0.000785866434924152
ck_99b4f266b61ae7ee,0.014906425706922244
ck_c37f03995f0f0169,0.0016288443897700727
ck_65a23ac8e44eb901,0.004719143052378781
ck_644b1c1149eea9e0,0.034537987070502915
ck_9cf44eb0237c2429,0.014223635313409373
ck_20541686a94fb71c,0.015011556815789208
ck_c18245be844680f3,0.039772960978893754
ck_56de216eda6b7fa6,0.007547951472205589
ck_406c4442dee45cd1,0.0047479660556816305
ck_df1585c7d72a96e0,0.0024748556996471984
ck_b8e8dba20676d87b,0.024367756570089504
ck_0ee6965e68efc177,0.007942451938740165
ck_c2a5c54ad8d0d297,0.021301644624396678
ck_bf6fb7e6470e95cb,0.01435755573246636
ck_27fa694569140345,0.003687054929796413
ck_e04166b0ce66393a,0.004175595958233391
ck_8742114f4f0cb22c,0.06149999342765042
ck_6eceeafd56b42576,0.0723781329846407
ck_34f9951b0eca1965,0.02265826142810669
ck_384ccecd342a24ad,0.001923524625197458
ck_49c98bebd1338879,0.005528757084155444
ck_6c26c12071c91ff6,0.005721661235910462
ck_01e5986ebb9a78f1,0.02509709508220949
ck_121db7ba3be29ee8,0.029703209634848463
ck_039e6d5a330cea1a,0.0324543875392253
ck_ae8c9163cf957d7e,0.00573271377383363
ck_3f5e8f3f1df0c8c7,0.00785780227972054
ck_b1c51fdafcd80122,0.004192203026916251
ck_12e2b5ebfe8986b2,0.011266093429401202
ck_d55eb81a4d543c59,0.0010341392659334724
ck_f85155ca5c312c7b,0.00812338011886311
ck_133d8a1ac7c0e301,0.9035584719150548
ck_04212a9bb9b28696,0.9902353893534541
ck_4cc11c7d3ca61f73,0.024728466504894853
ck_2df4854186ec515b,0.006832953775474293
ck_aa9b28e7fc43af79,0.05924403515617194
ck_47cad6c3def4c9e4,0.011852265290258453
ck_fbff7b5da8111567,0.005377690945539921
ck_bd25ea782e375b22,0.017703600371472682
ck_7989376f8cf64a9d,0.012820684998659581
ck_675c0ca1ebb1051c,0.007310057653853478
ck_1436f6e11d4008f9,0.006769764736521773
ck_812cb3a4482cc618,0.00969169704024081
ck_6e606f73a1094afd,0.004206461511093241
ck_1b708e2a4a0584dd,0.005664639312907843
ck_a60d6b324bae0330,0.0382316913096343
ck_706a4f673a9fda3b,0.09802479729655748
ck_a75ece9a9044eed0,0.012878360905510223
ck_9aa45c4e03c8c57a,0.008228873706481553
ck_9fe9bdce982b312c,0.01800963689472167
ck_c6fbdc5ba68a8466,0.022195157508244655
ck_ed0cc1b1c28f9511,0.02817549972630173
ck_a4e2607b4c8021e8,0.004059037218449222
ck_e02f93f51cc8caf3,0.006195840360585074
ck_7084ed3cf20781b7,0.08377641585209612
ck_cd4c63155570d6ea,0.0005357088199332561
ck_d1b9e5d32d2d789f,0.010588317185868314
ck_68f56f6560a7a933,0.00022421409419381047
ck_8bedacc6233c6269,0.002983429855457247
ck_ab7cb50407d6b13e,0.0056002257650183875
ck_f17ed7e0fd687742,0.03579521349460881
ck_b0fe4b92fc70f72c,0.007541473208567202
ck_84d62b8196da2452,0.025017838611196212
ck_9e298cae167f4693,0.006059174024901723
ck_405b20ef9ad0ba5f,0.038888942372264416
ck_813e02e1ababd177,0.014676231926662281
ck_f234ab47061ba7c0,0.0034377066813079484
ck_22b587c18363899a,0.004015200157791331
ck_4e862c2f48c38aeb,0.006760186313697209
ck_b89cb90a420c9075,0.025517607363444387
ck_be2251640f27a3c9,0.2737964649951394
ck_46bec0bff167ed3f,0.01906989350303066
ck_c0032232c2868328,0.026782536102739306
ck_030cf09525dba4ba,0.004669784959418142
ck_6ecf56236789fc09,0.7409636089552737
ck_38d4ed52cbe6d123,0.023490063685291808
ck_2d923d957ffd4d53,0.021640887706832396
ck_3af1eb88728ed8c7,0.01709648270673688
ck_2f8120ca80a1592c,0.0023121534460644705
ck_6cabb1a133f0b151,0.014085506194997504
ck_bb6cf7e7b707731d,0.4158362102094597
ck_c8307fecafa90140,0.015744961090465116
ck_75f968be67f46d24,0.02489312892112691
ck_df6fe4ec5a233213,0.014064280073864207
ck_b53e88c0e927d896,0.005516725877366165
ck_f0093064aa28f4d0,0.010634185646384329
ck_ec9976cabc63ff92,0.014755669907236158
ck_30dac0a58c5590cb,0.06089455093339275
ck_348a525791ae6475,0.03842940522244398
ck_b898d912d1181ef9,0.0022173235988098916
ck_f5b1200dc6f95760,0.024765205595124556
ck_54978a073e7a0b1a,0.004714926867473689
ck_55933936536a4071,0.03571354411184874
ck_d6ba7ffd2ae08863,0.008534033155005113
ck_404e2217fd87fdd2,0.006427964632902454
ck_dfaafdaefa5716b6,0.037713619299201556
ck_556c62e92d4e7e5b,0.027256250333627247
ck_7ce44f4e06d58111,0.025046352654574063
ck_465cb8ce232c7670,0.05703014855724062
ck_237508ca4fb37268,0.03477492338937435
ck_ba4a6b9aa63964ef,0.11185074134762589
ck_4802a0a7a1882c88,0.04665605178046085
ck_9478dfe4114c30f6,0.0038817911715589076
ck_5138f6c575dec64c,0.010641674680062831
ck_aebb42afe430e2e9,0.00785715062099233
ck_004efa95555437e9,0.004868871106804993
ck_11af112667c98394,0.024457126541196066
ck_44e9a18a8645c9d3,0.005691146482382285
ck_2605fd571219e28d,0.0037202510742657697
ck_dfc933493561d84f,0.0036295471865324743
ck_67674348e68d1f25,0.06663074293025416
ck_dd97429277a2fa00,0.003437150800183731
ck_d3eab7a06eb48348,0.007932699531237578
ck_0b9fcff9667ec05a,0.003236165732660421
ck_fc4bfd6e739bddea,0.020169883989750066
ck_43292f70a03ddf2b,0.03333952052055173
ck_5ff6108056a3fef5,0.02201333432415737
ck_767e0be086b5f601,0.026593594889842004
ck_b8465b1a5666155b,0.01751545547617784
ck_ab2e3fc56f5b3aae,0.0036883706131911644
ck_1833c81d693c1e07,0.7162746559048571
ck_0308e0602b856445,0.00497669635483218
ck_ccbdfe744acff8bb,0.019962978588864918
ck_b294aa27a0b586d7,0.037354399847647726
ck_a3747201f377626d,0.9483636799525639
ck_edde1d7d1db24725,0.010395315426052433
ck_ae3b47d6e1063704,0.0038706305704377074
ck_3aabf5e0f4defb41,0.04401992801915076
ck_f034adb57391f3d7,0.034164579384234735
ck_533672fb40531607,0.16978419800197528
ck_2a244f1ae08ef83c,0.035977862920203954
ck_a35d81bcc54ece2f,0.0068810377982957355
ck_78a61215675b38f0,0.008212618614085614
ck_e013d88ea7939616,0.015938355555474053
ck_e5018f9418e0102e,0.06292152137372638
ck_d4e024fcda401a31,0.03832594708677531
ck_f736cffbdb82db34,0.002660847696385276
ck_1507f5aa50cdf3a0,0.0035076014066603906
ck_18270fee7c8fcee8,0.0005305170191485792
ck_95ffa1a805a1c9d1,0.018488040734888998
ck_11132d245b94d045,0.012396352456577303
ck_7b93a622e40d8b14,0.06199847511280483
ck_3854c08d17704347,0.019656938724695452
ck_7717fcb100dc4b5f,0.007576721870365641
ck_ba54e0a1c328119b,0.29254155458086034
ck_a7afdac4ecbf2de4,0.04700336949458633
ck_ecfb771ed2352085,0.0071431427780521235
ck_68be4fefc85a6b64,0.14808464269168858
ck_dac7c50bd6d0148f,0.007555513783516282
ck_87cf36a03bd63c24,0.25388729256465
ck_8adb40b168b59d7c,0.039312603926186976
ck_8d2f62930777416b,0.02470126812066224
ck_9958b58da9e3c21c,0.007796211259330596
ck_9440335375701f44,0.0036765792706971463
ck_e2f88e202b6f700a,0.040073047593962886
ck_4c7c50684827a2cf,0.059590902412586584
ck_8a6ea4a79b1c7a8e,0.008458850285573659
ck_186dbff4b24a3bbf,0.10536920527693312
ck_220fda3c11c59b6c,0.0711045924275371
ck_3acccc69f8b1fd14,0.045770397574402814
ck_9de191bf79afd676,0.0054561001823113745
ck_6de6b1663f9457f4,0.010388165033598176
ck_062754f8b79b86e5,0.0012904838002631488
ck_aa153a89a52f7eb5,0.025967264665654344
ck_34a6bd3be642f15c,0.012388834709939315
ck_9371c700d9830326,0.016077878732224823
ck_a99e0c258ad7576b,0.020716785368818616
ck_0a7ba51d626e932a,0.013380449940477457
ck_852c50bbba1ead13,0.026852128121338345
ck_43dc13b6b6d31297,0.05926551768628129
ck_7d81b59d615a6649,0.026591368648092997
ck_39a3f1da060e88bf,0.014058202079714489
ck_6fb2d142c09ed3ed,0.02403218444867399
ck_6e5752b87324b58c,0.08103990743857369
ck_9441d48a12e8a4bf,0.04683643593298319
ck_09e9c51eb538b255,0.030788905646772793
ck_8d0cd981ed3a183a,0.0758519336018812
ck_57c07c45269ca8c0,0.0014387695475499235
ck_ccfc9ab888ba933d,0.011897463045212405
ck_9658a6ef471053f0,0.008159748415587517
ck_dac3852758f4ea89,0.021058005363806982
ck_b1ed2278f5f14d82,0.020850121453221973
ck_333544d173524f70,0.03716744536212244
ck_fd4582e3853ef23f,0.010755773971371148
ck_614d936cef98db04,0.03620903995858532
ck_6bc351a3d57aac54,0.011953902972659608
ck_af5842fa7202ff25,0.026197981840771125
ck_81307759252571be,0.008234124056584073
ck_b4d2f02d2cd45720,0.13959263534693248
ck_1bd753a4681946c8,0.8956609580592874
ck_46d8c029d46867b2,0.004372041190786097
ck_b7da6640fa2f49cf,0.09145134430040232
ck_9ea3d5a5a91fef9f,0.05859976700409336
ck_7b922518f667f76a,0.0023900709676077576
ck_2a5b31594206eb30,0.10485852223314805
ck_d9506476ad3f9e08,0.01674633763123326
ck_c8791f7ebd4d93c7,0.0029599860770607744
ck_b5a3e20fd210017d,0.016781711120408594
ck_8e54386f4fe22cad,0.011190231117899317
ck_75296704f5806f56,0.06470314081622316
ck_0fbbc7a6af300368,0.013937168977231107
ck_d19bf4dc0627113d,0.009462278586536072
ck_7951bd4eb99a0175,0.0025107009268224107
ck_059e4fac6b7f704e,0.00045619721255530163
ck_2ce8931af02a2ce3,0.01009097019467439
ck_9e665618a4860306,0.03731431122801306
ck_6fce5a893613fd2c,0.0011702401974400549
ck_9e3fbd04e3532f32,0.2710687952285752
ck_55f2ef0de3420e3e,0.05663361195876165
ck_8d87658a6f5d204c,0.20913527909189833
ck_6d6ac1f5dd882aa5,0.004644428355438835
ck_55d0c7012d7ef236,0.014733435128991064
ck_7738eb085e5753d6,0.007439774679835964
ck_0e6e05c3cc8c8242,0.0074744680305833
ck_8d27ff8383d48132,0.0018422938753721598
ck_9afc3bb849f3a64d,0.013666902901260568
ck_27eb86a9898cdfe3,0.0266227489438197
ck_1d40e4fc541abe93,0.0434864504828527
ck_4fd9dc00e1913587,0.9171216052938345
ck_b26cdb2b7b165d2e,0.01612222032966398
ck_a79a27767a02e31f,0.004912386351044441
ck_f0c18cb9f951a71e,0.013882652987010857
ck_50460e0189de6274,0.9510076638605431
ck_5e5280539257c986,0.007816625152493893
ck_eeb854318b3a6f0a,0.005454065362091412
ck_943f66f28dd24750,0.012818742163716503
ck_984dd7452aee372d,0.0932799604603741
ck_ecaa6de0aca5e9a0,0.010417806516304084
ck_8f1cbc432e2774f8,0.03298611047838663
ck_d91d9f8445b9769a,0.09714660573106788
ck_73c18e03e3c7612e,0.004789836833735784
ck_aded05ada490da20,0.011815668766020221
ck_f744e208183971f8,0.0035729860785068345
ck_02d4cef6358ad3b7,0.0069044478559248815
ck_08ff5bd467226a5f,0.006093697448561961
ck_f824b326d5089885,0.08634072745579117
ck_3420f2fd520890f3,0.08145477240490198
ck_1838cf8d00f5b1e1,0.009966448728979968
ck_a85182ad90b6f1e1,0.0010925705013207464
ck_fecb39c82c43e76d,0.0036030700941440644
ck_162513e73782929f,0.011928761927865048
ck_2c27b77c59d8f23b,0.1586049010430724
ck_4221e07b17388fd3,0.06261571461461968
ck_adfb8472d5c3d669,0.010876289308403564
ck_0742fe64055d686f,0.010413942175910693
ck_5060aefcc8b6f958,0.023809369721317905
ck_643f549b4ac78a26,0.0827490298264783
ck_dba767885bd6ad69,0.006482493845388793
ck_0dda35c0c64c7073,0.9817784725984707
ck_38ea56d43afa5660,0.024470743378369818
ck_d813e15ac91f487c,0.06869131612045007
ck_4c840e5585a7b167,0.061129720219639395
ck_cb8551453a7bb929,0.01263828361837961
ck_05a00b1dd5a03359,0.0034488956878751015
ck_837cc7fd48453a01,0.022637009997231932
ck_49dd816b31fba6b6,0.14854775965998748
ck_86a61d9a39768e87,0.022727297215687055
ck_cd0e76f0e7bb38cc,0.01675280441364264
ck_dbe58392635133ca,0.028525970959790477
ck_3caec7dd6f8d02c9,0.05265395855616084
ck_bfd9bfc5b6ab4a54,0.05063198494020903
ck_2103399bdb2898a6,0.031691297391699735
ck_329f7de7279e74c5,0.010487693233081767
ck_9bf0d28119fc42c8,0.03423145178509148
ck_f781539b1042dc83,0.013748600327671239
ck_9986c7d781ac6b4e,0.017668654509587076
ck_a627734880aca848,0.002671649484432015
ck_2106e509d77fdb4a,0.12928751838060804
ck_420d1a9c604293ce,0.005262050385104728
ck_fce0610c527e2b56,0.01152002018428936
ck_073da541ec3f9d3d,0.004740012548263716
ck_aa5f3ab48c17fed8,0.07914748992834225
ck_0fc1086e1c9e04b6,0.008812572763320018
ck_5c33bb46c1a5945b,0.006872868596379207
ck_500948a8d4bd8e13,0.04931937499003805
ck_19becd44f2c3d2b5,0.019284665686684892
ck_7d0fe77dd5ddb656,0.009452617475871285
ck_f158d9e5f101bb35,0.01670254067612557
ck_cdd7c77823c2257f,0.009481759579756612
ck_6c7b41374f9b2e55,0.018004547561624677
ck_417090dbffb1a63c,0.006244006255032721
ck_dd0e17605f970319,0.009657959048949945
ck_3646515079e6be55,0.00499662494252657
ck_89c8b06aa8c84b2d,0.024187277287335832
ck_e4d6dedd97233c07,0.023176437176743187
ck_bc82fb1895fddde5,0.0033886274930361657
ck_88a8b1d442ca3686,0.036137350356086284
ck_5791f8f76a629a4f,0.04438658142129455
ck_9cf5e88e97c8c7ea,0.015049910600159831
ck_58fd684aa5a6f289,0.0013683747882028395
ck_9800c21dfbd8e811,0.037510977417064724
ck_8ae64df60ab6ccda,0.007334383662169636
ck_e535fb0f0c00418d,0.10883426190647293
ck_48011996d54855ac,0.07724704390700386
ck_ac79c72a8fe3fdef,0.04515092364251953
ck_b8cc2df5192bc49b,0.02090954793472208
ck_e96a5e1f08f8a867,0.0021136070984603046
ck_84df6770549e43fa,0.004990609937021818
ck_e5f7b99ba6ec5767,0.05428653230480215
ck_8347455ab53ff620,0.010467599987803822
ck_a84f2cdf695a71d6,0.0038690942371921604
ck_90456160115f9ef4,0.02812696137262643
ck_ebd178b3f3a9c50c,0.011350558987413729
ck_e1140be6157bacbe,0.002737741894149231
ck_744ffc11d32b96bc,0.00933060943913022
ck_e12a9f7d027e3387,0.002095348938863049
ck_cbe525da0b69f18a,0.004422963068167065
ck_aa59702537557ff1,0.24666546104886605
ck_0348cc6908f7f3af,0.006468084182987506
ck_120e995d50956bee,0.02149482650307183
ck_9fcde1ff46cbbea5,0.012594886458618157
ck_54b0b070689c50d6,0.009428782943423957
ck_966a167758fddfd4,0.03601031162712744
ck_d5194f2e92fd6427,0.005918754463288934
ck_2ee84f3fa27f2cb8,0.001549023429974414
ck_57d0a7eb7eae2eaf,0.025097939451631142
ck_6a2c4edd82e10969,0.018179777901396424
ck_96e4d38ef670eaff,0.012183735313722431
ck_52cc2fd5095b169d,0.026335301972154126
ck_4b088920f3a844c1,0.02509709508220949
ck_8f3ccbd20d59f1f4,0.08111697453322143
ck_e5e5dc431bed6f9d,0.005416674293366582
ck_e8b5bfa6838e28d1,0.0022294719591270116
ck_4bfeb78b47b7c6a1,0.010045505693062099
ck_a705c61bd679496f,0.022642051421227848
ck_731869a0c39cb2fe,0.020968453164591224
ck_259eb102342057ea,0.008204451053746188
ck_47a6005fabc33551,0.0028479495742437036
ck_682262b455a9edd4,0.010456083268247332
ck_e839d104854945f0,0.002856332404804697
ck_761989aa4c47d746,0.013548841998052225
ck_44211dc210139ed3,0.01456529281698533
ck_9915ceedf63a5289,0.033886372573904415
ck_da59ab47cb6284ad,0.0018147000558075882
ck_e5cdbfcca2456652,0.0005459983488812971
ck_13f2560c6a1ec62f,0.009508709304874486
ck_a0543e9b3abe1001,0.012904507700457932
ck_11c7a58e09e6547b,0.03235020677580168
ck_69587a134d43a4ad,0.09806011576259231
ck_28dc0de0ae291f37,0.009229226691675228
ck_298922703c5bbe05,0.012388537971677672
ck_fa5ba9ed9ed6a343,0.028713990083789966
ck_c08e64d424e56c05,0.020279960603605717
ck_598e036a28262aeb,0.026167794692490365
ck_3f7c870510083a51,0.012008570987073966
ck_364f8203a3e98d36,0.21356206746475961
ck_7333cedb61506ead,0.019077345493788565
ck_1d96d7fd65f208b2,0.05447962818330476
ck_63133a79f23e2627,0.024935065255779428
ck_901d820e0b72abae,0.018855611082830594
ck_5dd80b3c01457bd8,0.011699870103877569
ck_c0b8067c144ed6c1,0.011386253339172791
ck_cebb8aa8c8f62c60,0.006013917283943649
ck_79749eca42ff1f5f,0.0077369005417736655
ck_2cc1d9b587f6da31,0.028646042613109587
ck_ccc7916b56d42195,0.0021062963642915662
ck_e43e53cc7b8b8e41,0.014668423272716573
ck_4ab74a6e7450416c,0.015683196109511594
ck_6e44024e9de301c6,0.002977524433397174
ck_dd78cb6ae2866cc6,0.012090064829556041
ck_c363d3b050baf3b8,0.07549489201401195
ck_2d46291975f0dd08,0.009458335356769548
ck_76ebeb5aee42f041,0.02509709508220949
ck_8395f004cf4d4c08,0.001817375323417013
ck_de7259c3741db179,0.024904262679219472
ck_3938e92585df2b34,0.02650079680668731
ck_af69bfcf4f07d932,0.0009238045623624327
ck_1723900ab9afe374,0.01801569955699504
ck_3d58628d1c853c8a,0.012370366985548742
ck_12a074db100481cf,0.033382914775834854
ck_8716cbf892c50e29,0.004301361445999256
ck_fbf7351958ad9615,0.049012394799270206
ck_a50370907e6b397c,0.01735806365992578
ck_937402a60df0821c,0.0015380980813036117
ck_8ce9c5807acbef48,0.0060091307869574095
ck_acf7d65eaaa4c31c,0.010428004024454138
ck_ec3eb6dd0967cac5,0.022105356018084252
ck_fc832b0c90c9bdb9,0.39362584437503834
ck_8129e81cde280131,0.005523181927236027
ck_52c0ef68aa2fb8cf,0.016753832854460145
ck_06f042e9b1b662fd,0.1934443078822152
ck_0bf35dcf7b38f650,0.006832073093956708
ck_615763afc2e17a7f,0.004430742599041359
ck_e72db9d4b2fc9997,0.9720094533861119
ck_13757bf0eeb353e2,0.0043586876206923595
ck_abaf371ec8249c4a,0.04029597804855767
ck_9b7167da0920c37b,0.1343954109031296
ck_2e824b0b27494a17,0.03941034909178892
ck_9a0b605e9c3220c4,0.010856379178598642
ck_a5276af466b681de,0.002436507901489627
ck_9e0383e1fb6e214d,0.021253089524360613
ck_6a27c44b691dbfac,0.013059608418067326
ck_af39767cf583905b,0.005137546076892204
ck_243b1b9fdd3f9a74,0.0010381889648500397
ck_c0422e638a9c6046,0.024069068544626374
ck_e0f3ea3373dfc4aa,0.008929759102551643
ck_d56ee1654378ffc7,0.010608759675281559
ck_20cd2f5666719baa,0.015594191943311292
ck_4dfa1c1e9b69fcc8,0.0042328770973445035
ck_5d22e9ca1d15180b,0.03707208660623697
ck_f4a7ac178fd55f0e,0.014425179948293058
ck_fd5609bd23a1eaf8,0.003010288132568313
ck_49c3bf13dc9471ce,0.15723605480382072
ck_724085c3452d4693,0.14496946616021933
ck_e5d1462846154a75,0.0361977986681006
ck_c69ef0f3e7d6acf9,0.0698779993067365
ck_a2d0417791d4132d,0.029699065542363876
ck_00a07fc2a9183c3a,0.0013047261469962732
ck_781b8288e54ba8f8,0.11675103763229469
ck_d74a62ab3804a81b,0.005706054879795241
ck_abcbde211b6267f8,0.09006260631197491
ck_16dbafc035574654,0.007049689346886389
ck_018f780215ecaf38,0.00402953880705193
ck_0b259620eac51618,0.009020529280514503
ck_4f875342394c110f,0.02784749273194306
ck_399e45e5fe9beaee,0.025972915327501154
ck_36224a2d394ebfe4,0.03658238689821529
ck_c189b551bd111332,0.0007003950653002555
ck_125c5a720ecb177a,0.055533642679954205
ck_76d010aa02eb477a,0.0021940834256366296
ck_1071d14c46c92379,0.42531654336728014
ck_61d244b2cde483af,0.005060573573120135
ck_2ff1860da2004c84,0.007613467436061913
ck_c5b583490198672d,0.0189128720193575
ck_1294f7af22fade11,0.03804233653185606
ck_e3a22799716df39d,0.016812772152201245
ck_c77e22834ef97005,0.32856242170034927
ck_73d3689728270a2b,0.002496423749425223
ck_295565fbf77ef885,0.006895679618434151
ck_80c0a7f54ff4895d,0.0033953511871088926
ck_f1ef5cf7f10b16c8,0.014555584574312021
ck_a958b2461ffc21a2,0.035146274846214035
ck_0e7899a57cd617d6,0.004861898196086384
ck_9d4fed252718f58a,0.025230164871072505
ck_83c2c34add971d76,0.042026154980204254
ck_9ccc030ba2de9fb2,0.007473720318665868
ck_cd691e3466fb3742,0.012229973627161451
ck_49df70f908dfd069,0.01776633061855631
ck_362ce13eec1e33a0,0.012315723184379923
ck_2452a30397dfc54c,0.005843681325183446
ck_a443d49c2b4863b0,0.004251346639685223
ck_c8b2e2cb349dd0ff,0.009426821764566239
ck_354909fecf5da8cf,0.008221852952660176
ck_841f598bbd54c83f,0.024992584799903343
ck_cd6fbd4e8724f994,0.028984418550416155
ck_e0b3158111370118,0.0065748863324805885
ck_4c2f2eb657c2c60e,0.007207247315192726
ck_ef346071f0b7654b,0.012410687201323023
ck_f3bc10e3decefce4,0.013607019708257003
ck_189b6fbe9b9192e7,0.031233657221842615
ck_5245cbc5ff4d4fa6,0.002588056870236431
ck_cb42e3be6fe87f60,0.020771234206810794
ck_966d4d713cbc7792,0.005894479148762277
ck_1c8c969667cbaab2,0.8216644686011481
ck_d35e3aa9ef5d405e,0.07287825162214782
ck_a1c39df50a5873b3,0.02549124622269697
ck_a152165caf295b51,0.012851731399908618
ck_891eaedae139828e,0.015054632809975519
ck_1a46b56f4734d52e,0.012083453201649379
ck_5e36042cfad96c99,0.09688866320640786
ck_02a8582c2603e675,0.007427656477984072
ck_6def9d0429e4ed4b,0.009108969980826238
ck_e137400825a1e3e6,0.008650497430207581
ck_d91ab840848a54fc,0.0012571331681685263
ck_becb6e1c608e0078,0.003180735406013117
ck_6fd8c86ac719d7eb,0.14443212440285252
ck_3ed4d13f12fd9d0e,0.02168087564703415
ck_007337aa99a4891e,0.003673014130725
ck_60c3d8306527a08d,0.0010692727121252045
ck_95458880a54df0b1,0.16503168703346513
ck_b48cd8593533fc1d,0.1613218334973475
ck_021c6a4a7e3f1f0e,0.005330216429258103
ck_764d40f865e710af,0.013884894104736676
ck_4b84357ae8ec7777,0.03278117856078981
ck_3397c7856b4669a5,0.009931779173071798
ck_920bb003b42e6310,0.002152271343235259
ck_8f59f11b512d5b7c,0.014475021699536263
ck_a3acf4b986afa98b,0.08852915832118402
ck_e89d25ed7bdeeaea,0.00548612017544022
ck_70e6bca473bf6902,0.00496583781812149
ck_186161ce152836f5,0.002526287590498323
ck_9191579254663f5d,0.00620808599330373
ck_1e6628879e9d653c,0.022869704729743798
ck_b498fa91a0776ff6,0.02323993369801192
ck_cfc2384f22954830,0.12091150631769877
ck_17673a1c2867888a,0.0017072711471448313
ck_523dce06515b072d,0.021378809603099135
ck_c20638a325ead2e4,0.020633152823653488
ck_d3877e1f907cc148,0.008793331406498833
ck_e9a2495dea8675e2,0.01285488206468549
ck_7e561caa5fa1f3f1,0.12670312786107785
ck_455672e652fe1abc,0.5442631514679542
ck_7f8f864fcc90ca82,0.011051089416266821
ck_1ad36046aaeb816c,0.01191525898874413
ck_de056e37c82e8e00,0.0044521987520469136
ck_7484c214c889fe7f,0.09064004912835918
ck_32430e678c4f9f53,0.002295446804841616
ck_6276ece8f80ea799,0.004850325219305927
ck_ae8e5dc4b725bc25,0.02588511450343986
ck_f01be92dc78a2dc7,0.009351916315943789
ck_233397a8bd40d38d,0.004958626804676476
ck_f8124911450fdf31,0.6346284119889638
ck_aa0a3179f1111674,0.004585921658402806
ck_2366b29ed9887a5e,0.0033770557495755305
ck_1f22f04dfc08cf27,0.010416722772882128
ck_b62276c3426d680c,0.023262438527338725
ck_d099fca88691f66f,0.026228695706816133
ck_166bd1dcbaf4d6fa,0.00466119395431153
ck_7b1660e942436e12,0.004687004942319763
ck_4a9a791a1d409a3d,0.056113261707133384
ck_b003e5b54df65db4,0.012408753213014252
ck_64b4dcbf436f0b75,0.0022860613610251913
ck_26e9a7bb2061a58e,0.03377877354253197
ck_08b77ad5f8f73007,0.009501285292210416
ck_366616a725afc6bd,0.03337621826163692
ck_934fb5064b6eefe2,0.011873963557996366
ck_c6abd5d57b1009d2,0.02402016077088489
ck_edcfa9e1cf29d813,0.03413472618958825
ck_c30201ebd003fdc7,0.004582623467041386
ck_c54643d94d3ce355,0.1541429312728163
ck_02adda6e91e49650,0.007227714458660057
ck_5b73d7c5255e58a3,0.05287499305275951
ck_129ffae92dc01408,0.006220025730430872
ck_fa321945ebedb916,0.046707305954871624
ck_8da980cb2e1e2bfb,0.006869104788953718
ck_0576b00d728bdf19,0.01692920611957735
ck_c543d82e22b3c8a5,0.0038814763883787753
ck_0027ba644f9ae2cd,0.4540599101606944
ck_8dbf61df902a6bbc,0.03301834101708189
ck_90eeca1cda79fd41,0.013638175827780204
ck_86d7127391d4e01f,0.003171429575038528
ck_73762038c7ff2f6f,0.04135735246246477
ck_a1484e6215fac651,0.6981591226435486
ck_cb83b9f806e90dc6,0.05482254601641427
ck_8c6f059c95872126,0.009280244030927297
ck_3174419a81e7caf2,0.004408481443137108
ck_6a0f8f8fa4a3c2bc,0.01997137620477402
ck_b5777605668bfca1,0.004103220541856429
ck_27e4de495abb4d15,0.019039328477036554
ck_7f6fa79c7a107161,0.0029741634112485037
ck_c36ed9f8e6792ea4,0.02681977915638805
ck_67a1aa88d2ea554a,0.010994183324668848
ck_09748dfe4df3d540,0.004245925546644225
ck_27fd85b1e38b675a,0.008690265678252705
ck_2369689bd795ee10,0.005638654445052691
ck_4eb1c12f7d092bac,0.00416537028740128
ck_01fbafc42c8e33f5,0.007532149848760677
ck_93c4e05699b3b7d0,0.015761654505311227
ck_afc484d1b6907983,0.001753154935456942
ck_1b2d9cae92a1aab1,0.018334235878466235
ck_73b729cb161487f2,0.0034876057009278357
ck_fe3c1d0ac090d960,0.065892459317174
ck_408efac1d3885ff8,0.030208819286359424
ck_ccb4dd9d0a48a76e,0.006140725445961508
ck_2987eab34ca7805d,0.01353063556197123
ck_1dbf1f15193197db,0.02147697222925884
ck_4ed711fe4053e74d,0.18401371701305907
ck_6c54adce174f45f4,0.037617854322014324
ck_a6c740041faf0bd5,0.003817697592283428
ck_b05c4d33c4f43639,0.061740763986808445
ck_032880f1114dd51c,0.013258782474890143
ck_22311b037456a76e,0.005686466537664485
ck_5866b413549765bf,0.004022261119810156
ck_0e808afe2570ecac,0.035851041548818234
ck_634276b05f4381f8,0.004358653400818722
ck_5d8773badd0d4740,0.0786624764473921
ck_82b5b79ce3517102,0.7892800171429999
ck_b378b8d8100ee4b1,0.013827490664662729
ck_54e581f71be5430d,0.012795975488956423
ck_798ba4b8aa544fea,0.011276176889176433
ck_3fe86b6331ff95e3,0.04599457949385474
ck_81275d9d4c559e6f,0.00673112145240712
ck_99a4e5ef02d89493,0.07729176921505286
ck_54e2eb018d947790,0.004097926656817057
ck_966901ea9c77cc02,0.0034222097703405304
ck_27d69ff4e0cb428c,0.07410224103124645
ck_2cee2dd7bbfc09a0,0.5298657930208955
ck_4136b00924695ab4,0.0007532205220203403
ck_59a164c40c03a45f,0.0029440151984121404
ck_3e24b026bc66789b,0.012104741827433398
ck_8105bcf69a75ee47,0.005269081192393991
ck_7a1782cefe26a456,0.061368610474718414
ck_970c7dc195161272,0.004779730916637423
ck_a48ec0c00ae20e82,0.038239313446957406
ck_54b374ade34e1dc1,0.01166309328173747
ck_74e5dec189761d14,0.02437062289867987
ck_4717f24f2c6f40e1,0.08043913378287981
ck_fc8cd8a8209e802d,0.03216672120072915
ck_71db4131d7efe218,0.017173586774414246
ck_45424ea6f0bc4650,0.02262485410024362
ck_3716c6181a5035bc,0.0052564966512953105
ck_26de14b96bdad4f6,0.005547590121429924
ck_99c0a41ac9c73857,0.0033836837965142814
ck_645f15bbbcff3b4f,0.9586172197010595
ck_b7e25ddd41514d4c,0.009552431240330193
ck_d5c14e877ca7b755,0.012950849088018477
ck_05ea4440dac6cfad,0.04072241675588395
ck_c58bafff7b1955cc,0.014929774416439471
ck_f0cf85b67a9b840f,0.020472988475143547
ck_ce1500a7f0d03fba,0.006936176229250429
ck_d4972a775aadbbc8,0.0050182300694908465
ck_3eb6146c262e0fc3,0.002543997617064815
ck_afb23858a4ef42ed,0.8358866140786309
ck_2c1def5c91c52a5b,0.5206907956125011
ck_72e550559487b919,0.0027002672167306635
ck_0284dc2b4f856b3a,0.11554518735302859
ck_03be334935e999a2,0.011357904453389425
ck_e35a4b4a3cb4cedf,0.06397825115351033
ck_5abe57dfff4b735c,0.03710873518415823
ck_f5f87f772388efa0,0.010486905230093602
ck_5a22cb36d612236e,0.003949214277680947
ck_8ff1e6028e764472,0.9825950128114412
ck_2ab28149b0986642,0.010558122428740515
ck_c88fc1bac79fa6d3,0.014668851806963484
ck_5b137d74bba6b1b4,0.007879357096715861
ck_11f362dca2dfaf5a,0.0072283671604671945
ck_7f960541e5174565,0.017605865564161757
ck_d5458ba39ae94498,0.021060560563194927
ck_0a921a73a90c2e39,0.039351514971606216
ck_6ad56ef40086dbe4,0.002526287590498323
ck_b68199ecccf2350c,0.0023161883539971908
ck_6dac66c8198c07d8,0.011760433215356915
ck_9b9ce7bebc235fe8,0.003666376461262599
ck_6b817117d87063a8,0.03989235243629712
ck_900d62b3184378c7,0.0035088960465462166
ck_eafe9b89857149b5,0.0157717121194318
ck_e74716a525ee5b24,0.0021020698364810648
ck_4e9a6f06ab134102,0.007753380884564933
ck_b0d33b5a3716661d,0.006951694165228903
ck_8703543bf3134306,0.013467525135329238
ck_923d6a0f83accef1,0.017238299444715322
ck_52e37e2170532e2a,0.06146146559548294
ck_c1c5ea839c58958a,0.0060299027231122205
ck_660f0006780e87e7,0.04239207997183446
ck_830b2c5d1818ac07,0.006024397349053013
ck_b080ff636932d1f1,0.004406094330403492
ck_38730aace405f2ae,0.9659930587619147
ck_9790138467a06223,0.0017830841830764144
ck_10de0b0d86b17839,0.004969099948208058
ck_c3e37a4d3382c32e,0.0131887010759121
ck_dd8edfefa1eba531,0.0026356594112815625
ck_8153cdadd300d234,0.0028861733897143503
ck_74d0e7c2c6b63d36,0.6389929486640502
ck_c478aae3031bb328,0.007414719558793216
ck_cf301f2194975866,0.021902423977264752
ck_f4de03f44e3a5bd5,0.017791650445483535
ck_b06ce826e593b210,0.05275995075941343
ck_2fc70b6baf6a0e26,0.004565165274519355
ck_d208494cf5c90047,0.02099502658811214
ck_086d29ccae565e5d,0.007656676257318909
ck_d5ef6dc116dee408,0.01434311182264406
ck_fdf0c5b722d83464,0.026800471140965353
ck_de8494b13adeffb5,0.014620496042886972
ck_556786868599143b,0.002182992137843637
ck_4940e78cbdcfecf3,0.0009781962908217605
ck_d32fbbfe32c00416,0.009420834121750387
ck_bc7710f7e9fae649,0.006431254108087697
ck_416f7ac57da081a3,0.009018869319202769
ck_6fb39b60c67d5475,0.012336362548438989
ck_e40a156511345d6a,0.00545143636368008
ck_49ab879b5aa7fccd,0.046491291872953984
ck_bb643194d1cbc47c,0.9830183968450775
ck_b3ce8f1bcedfa043,0.009367954722158107
ck_558ebde8c29132a4,0.029658389464904646
ck_e6222925762273b8,0.10066346627282574
ck_bd80546b4807dd59,0.02059012029517726
ck_bd21164bd2bbb635,0.005288920549437232
ck_ea835557d7043667,0.009089484134255565
ck_1411a80a157ff39c,0.008308234904945679
ck_ab973888c20c9120,0.018030505403491232
ck_95b48972061abe82,0.0049715580356656614
ck_fc4a43f8876bf10f,0.017924581730645667
ck_f34fb7ccf82f41e5,0.0024739381039704474
ck_5af9934a56801ac0,0.009301659262453786
ck_fc7445ec76389a58,0.050780118277508786
ck_1eeacc26f02fbba4,0.05103925400544669
ck_4f325dd15c9bd45c,0.014888232794733546
ck_5009a6c8bbaf15ba,0.05953119693049763
ck_0f3de7f074bb33af,0.03490620913054411
ck_2cbc2f93a32eede8,0.12590289593002887
ck_4bb90a61c21a303b,0.02007070363966404
ck_3ade9eac7d7b0dbf,0.04940457946429064
ck_4859a58629622915,0.12369777744094315
ck_5fed957287ebca03,0.0049313793091043424
ck_ec01ae5351500355,0.019334758532240925
ck_703b41624ae6a5b6,0.024081052254935727
ck_97c38e7f61c27e47,0.008682721086105946
ck_db2c0908150cb2cc,0.036008799059753606
ck_64ac5e6fed86ab60,0.7276990869689874
ck_da1c853b0a061e83,0.054558304601154566
ck_9a36916b60178ded,0.25867441103883215
ck_3715bfa7fed2c675,0.03666270950422588
ck_dd3feb77d7d4f6d3,0.0006815701715804582
ck_982ebb24174a4ade,0.011241938315545668
ck_f6b7a10d47dd9a1f,0.006409362035941603
ck_1f56fe99f250cdf4,0.04151977939765105
ck_deb3ac0606d6f6db,0.013643997082353606
ck_e666629e5a41b39b,0.003742134138602419
ck_756d2c13d02b3e09,0.021631900532491453
ck_7bc752ae7cf5d55f,0.003005527428106812
ck_fc0cc4b25e6a8194,0.01154356441047704
ck_9b2b0e286de78a1b,0.006723349395691752
ck_24b0803447211bf3,0.0062852913792756405
ck_82eed68d05a42128,0.0014551241965823126
ck_c8a03c516ed5b05c,0.027452401254946558
ck_e914974cee1bccb1,0.1733924229180321
ck_0c533ff2d0f9962a,0.03040643850915513
ck_c12805fa5d970a83,0.01814876624026755
ck_fc2cb29918631f10,0.1351355777272664
ck_c20e89afe575549b,0.005477026477825921
ck_e1ff9e31becc27ae,0.013981228222770483
ck_18116d0ac08f1996,0.6623106269447223
ck_885a83975cea5e64,0.0033999035731052314
ck_a0c3059a959ba5d1,0.04013698656636578
ck_75257ca7d7da2861,0.026984724180829797
ck_2210f7a0d13bdbef,0.01164792424770182
ck_9cbd9ecf8374f65f,0.003275884271650424
ck_18f67c00ba21fbde,0.0037223943036985337
ck_2d28f14d3973d8fb,0.0038654373953605765
ck_8b3401b44aaae728,0.01781810181409778
ck_9d8e9ef37797d3af,0.30724846015755897
ck_9f50920c894f64e1,0.005402659566973479
ck_4737e0d56c6fa0a1,0.005091802525616967
ck_52c311f29ca3aca9,0.002487220124651248
ck_6a4981bc721df37a,0.019281829701704844
ck_823539d936c55fc6,0.015056459000725874
ck_df5aedb4118020bf,0.5276027441807724
ck_a911a066ff0f7b56,0.10005513240156012
ck_684609767df4a14b,0.02676546674844443
ck_f2350bf355dc919e,0.003998101485103413
ck_8452b6cf97c65a5e,0.010363638140406386
ck_084cd84501012218,0.37994415180683333
ck_ace6b72e5bf3e93b,0.05560707537530046
ck_2afdd69094c955c5,0.07148547607659925
ck_fa7d5be26bf7b31c,0.036554988005092146
ck_4b041217690fca2f,0.012430378045383873
ck_9fb8e3d38cdf276d,0.36803200714961715
ck_c1ee56d65a42f59f,0.07094278363854359
ck_fdeaa1cd085691f0,0.0071328076540499805
ck_5de33a7a87e9aa62,0.028382001047292788
ck_7476e7fe1ff45545,0.013222563911598775
ck_b0a947b498e47018,0.018078270497793775
ck_e3894ed88a7977e4,0.03294879016893606
ck_c7e07ebfb0bc15f6,0.05982085039964354
ck_3a3daa8b376f2a18,0.010080196171694446
ck_87809324c2675b0a,0.016541966386429345
ck_7eb4f33260f1dcd4,0.01888054691564561
ck_ab9f0e08af030060,0.016962583944335977
ck_5b8fc4a76f340797,0.009888774469391307
ck_0e7bf10ef49aa818,0.04101811641334593
ck_a44462a3853ac67e,0.9700075509463773
ck_2d14bcd2e0fc043d,0.0029815145824173134
ck_df1f2dba802296be,0.6288663621217795
ck_466a7316eaf149b1,0.0022432686134774755
ck_50df50af592b0c06,0.004579650217409416
ck_5f9e34c849704b95,0.012588147457724182
ck_7836bf6def26aa87,0.02270587280916507
ck_ba175b1bd8efaabf,0.020362239017212045
ck_1a0aac7f7b94b1be,0.0266587504105096
ck_6768c4b2aa8ce586,0.01764380819732076
ck_eefcf0ed15897898,0.007587732534019652
ck_7a6cb27e390b6ceb,0.0120394693213139
ck_5275be4e1577c1c7,0.027411561917023607
ck_6bc0e5b8c0b7d2bd,0.05130980536453568
ck_4874bdec79f9106c,0.0125926109638072
ck_a678731156ad7bd2,0.03314537442140751
ck_db906debc36a5d1e,0.02442222615087308
ck_e87897767c612942,0.011160669053673779
ck_45ed5ee496ef8a67,0.01081624335534468
ck_ae20e28f9854f3ee,0.018750444483604824
ck_9ee044b73943a90b,0.00398214229655021
ck_dab34cf6f0626c9b,0.01654770318974996
ck_64a02b7b96149810,0.0015665434695016614
ck_c417d06f3e94685d,0.017947812638630357
ck_3e0149cdee4cb294,0.018776747535129278
ck_0e6046fc30f81705,0.06863028356638208
ck_c383aeabd53e9c89,0.023826258761686633
ck_2ef76f1f36e8b869,0.07687509701256151
ck_43948784650bb9ac,0.0047927685074224185
ck_bdb966f43ac350ee,0.022875010419809785
ck_5bea0e0ee0b094cd,0.048342127933176084
ck_dff090f03ca5529e,0.020489108221231206
ck_a4691b57f837d88e,0.017268344393465217
ck_99ee90946395d74d,0.11606842653822695
ck_cc81dbc83a8879fd,0.00736757977318152
ck_f3dc0725621b3a35,0.003204423247295231
ck_1bb212d1288b9689,0.020775652811696178
ck_9e7278fc7679f002,0.05632409267193896
ck_3ded7a8720d7e311,0.005693477183903928
ck_798157bcdb9453e1,0.006106418299104674
ck_9fba80f56f357fe1,0.0021601340281638547
ck_f1e1c8491f16f912,0.007031720266499665
ck_7b1319a5ca2f63c6,0.9463356286146265
ck_124432fd5c92af7e,0.12835605522302906
ck_148cb0c723284dc0,0.004065174743372644
ck_b56c62c950eda009,0.006435099321690491
ck_a0498755cd8d7188,0.001984293819808802
ck_5379452a9d74efae,0.013024888458502828
ck_6c2453229d608183,0.003572690374546894
ck_f9d8b4813a88c1e6,0.004771211797014866
ck_c2c7d1e45a521857,0.023466444515438896
ck_4364a83a11743888,0.013389051422833902
ck_2cdf5fd97ba75e06,0.08970958194054714
ck_71bc01291e0533a0,0.02469558175298474
ck_a725d7aed2a0bdc2,0.012640827755855307
ck_a9b0c4dbd7db6a91,0.007106508890684766
ck_a4258806a533efa9,0.020887789836669855
ck_905e460591d9a278,0.12484736788330553
ck_20de8abfd8960ee3,0.007686125685296012
ck_252b0a0f1119b220,0.0055871948923682515
ck_95e4bef65c36af1a,0.00365277047464346
ck_5ab68b434ad53fea,0.0024686530384490624
ck_13677a1957078827,0.005266093864475236
ck_d251e9fa09e542dd,0.9768453217210081
ck_700cb620f300dd47,0.008210069178550725
ck_39a68c55a1bd3ace,0.02980541182863134
ck_61a59a7944d6c53e,0.23800692008408736
ck_db6d1c6d31da967a,0.021922431160350045
ck_650020c500b1b50d,0.0070757674943288515
ck_d812eb6930192793,0.003403752509039885
ck_92f6ebc11ebca89b,0.019982089801637345
ck_d87e26eb5bc84b01,0.0031619760013818347
ck_66439e697695224c,0.03876795247748254
ck_f21efd504faa654c,0.012051260318279168
ck_15eed0f5652f0352,0.018679623884004046
ck_bcdbf57d98dc0d27,0.007359993095381335
ck_873ceb8004d3a9f7,0.04987764743046683
ck_70bef9ddd4bab005,0.0022109187895641607
ck_7560f1891d66f294,0.0027795180633866227
ck_f439f16f8693883f,0.009148583740930586
ck_14f9535e53f9c7a6,0.006004817070134657
ck_5984be472d2bc267,0.18729581786105357
ck_ed01be7504dc4187,0.08523040138748655
ck_dc3d8b5c17b67ae9,0.0015359398153883983
ck_9dc23031b6b494af,0.025967264665654344
ck_fbdac0221bc03f66,0.018504214924972503
ck_863708a99b92ef0d,0.013750814043144852
ck_22b52654776a1ea8,0.09548773878523942
ck_a0714f98001efa0c,0.05415286414749825
ck_9c56114f84e9a541,0.0038706305704377074
ck_e155cf506b2fb699,0.005835327870054939
ck_65ed7e72f24731e7,0.012965001742416478
ck_822d6e8e43befc72,0.018859333238000445
ck_b1182471d9ac6b26,0.006699177954569198
ck_821446adc95e6da5,0.005696107788094573
ck_ff182f033134dbb8,0.014940478346713176
ck_9c5feef7647b0588,0.009247502284402876
ck_df935d8bdd44883e,0.010493423166220964
ck_01eb24c18ad11fca,0.03978517109379232
ck_00d6730134a1eb51,0.07545824338747967
ck_79ba8e85678d0224,0.005603785539879424
ck_97e3b04a1350f6e4,0.01304213881871066
ck_74e9747954a46eaa,0.0108731321735531
ck_397d5fcc9972f909,0.02509709508220949
ck_9ede89e8a43c3f53,0.026602182150495608
ck_303b33910d67f306,0.007679374316849142
ck_3c17841636f6f7dc,0.009514097510729435
ck_78730527f8ba1438,0.05658016404869032
ck_5ee32bc6bb5d1d4c,0.017662040268711876
ck_a13fee8cd925d0dc,0.006779215640702439
ck_6f847263379f2e43,0.015327851538417727
ck_9b9d9e579e7b55b2,0.026305305057573676
ck_87c1d0a79e79c84b,0.02500026873729454
ck_bfc453eabb472f91,0.005456603621135078
ck_978c21bb5fe3171e,0.023562130346130174
ck_dd882323474431d4,0.02441867875832839
ck_533c4f7400d5ab22,0.0697059830763231
ck_5f217bfe28954e75,0.7257252657014831
ck_ae96d35465b3b4bd,0.0023162454863100493
ck_512ebe97c0af94dd,0.13120227415456315
ck_f558fe02bb0219b8,0.019576140981915797
ck_84092e23d5ef4d51,0.025611817141338037
ck_17d3022ca12eacd7,0.019757285836908497
ck_8a8f81bf3558fd9c,0.0197842091256263
ck_0ada6fed1864e7c4,0.01700099486664122
ck_21fe7bc59dcd78fb,0.021397816541217363
ck_e136e20c1c74fe38,0.007308227581615161
ck_e7a530e09d113dd7,0.008017038741576478
ck_7cb0c9ded4d63027,0.07620946555484413
ck_102db9615e722c9e,0.04428799382980399
ck_129e39ddfde92eeb,0.0032087215052323506
ck_d730ff21bfd7769d,0.004608342092935037
ck_54459b45d2be8459,0.001489146499527834
ck_7f1c20319eb60aa6,0.9763738709988311
ck_939fede90473e412,0.002526287590498323
ck_e0f9506a6d5f4a1a,0.007538924084030771
ck_9a4967cdf49265cd,0.14029086519981246
ck_b9eaf03453ac7d5f,0.00420981914074588
ck_522477be6376b450,0.020953871897152965
ck_9b6282e3bad50710,0.02177544234216305
ck_a0e3a2facd508e49,0.021352045758699444
ck_97ffae702f7c3d08,0.010132004572608206
ck_344a95cb7115ec67,0.006029298095363608
ck_1f2760764afa45e8,0.004693302180911698
ck_720cd658d11ea428,0.012568942432578287
ck_04e32ee9834c088d,0.03992927817634154
ck_2bb1389e5e72c8f4,0.02575953718821304
ck_961e7dbc217cfbbc,0.008529806766415205
ck_f3bce4eccfa6d6bb,0.007932582415084684
ck_e0ccfa0d689339be,0.013274689839584755
ck_98217aeafa0bfefd,0.03386541875535748
ck_a02aeec1914c158a,0.03630479372166406
ck_20a17e8f206a14c8,0.004463522563233153
ck_114c32aad4b6183f,0.06309359599078176
ck_79f5198f0decef20,0.01380295768308317
ck_2209de229b4c71c5,0.06034718183242352
ck_6ee939b7f396975f,0.020380326359949977
ck_202f0c14b07ace01,0.026543390769164867
ck_fa24db9d416ab904,0.00660339012381708
ck_cf6aa24b92c4d33c,0.40079027366844383
ck_45f57fb8194cefc8,0.03787314190319455
ck_d5eb179dc45394c6,0.01786210589359653
ck_efb24be983342f75,0.007575364429785351
ck_245f5d62ead5ef28,0.009703654469922555
ck_15fe2a47fa7e92ea,0.008873156313058248
ck_b6527a85fd682554,0.11930893247513952
ck_11f9390a11ce9ff5,0.021541429795650935
ck_ffb4d892c5158201,0.0017468264161937344
ck_d4c1da5a1427fd6a,0.02112512816884662
ck_2c041b1efb1c5063,0.02662633462348785
ck_ecc18f40b33be769,0.05426504076007421
ck_0525349f3945375b,0.042485800570083686
ck_0bfe62e0c7eab9c9,0.025890634476785475
ck_b7c37d410b1646c2,0.009036885936325916
ck_4b15b0746318cf42,0.03834424768128052
ck_e5ee006ecd8ff661,0.01804468787686541
ck_ccc83cf66365357b,0.01882749075282475
ck_34a33ffe8339f66d,0.88731215240088
ck_4e39e3b165edab58,0.25233774904798933
ck_1a71f8081ae00190,0.8825253156145558
ck_ed8f1200fc049c40,0.8404642629800654
ck_8a5a57858e8c77f3,0.018100415528115296
ck_fff9fdc2adf5100b,0.6603926850049777
ck_c76f1bf40f3b787b,0.0068597863577065914
ck_1a6ddfeef82b1b1a,0.0043665628121702235
ck_478d2667aa9896d9,0.04517446736764013
ck_641c8e7694b21f3b,0.042422781404303965
ck_293581d879f6663b,0.2261753581177028
ck_1bfa8abdb22be8f0,0.08327774979285449
ck_05ab5b03d0bf9ce4,0.1732307955895958
ck_35694db37f0cde7a,0.005120842126508516
ck_fe33eb743d714c03,0.014422024620299973
ck_abd10fbcbaf2b038,0.016670184203988764
ck_46d51648c1bf80e5,0.17203298813156892
ck_5c8390017fabfaef,0.012730858434669074
ck_87d55ca333f22072,0.0024122816081194732
ck_c39c6a1453e2b92c,0.0056024144630540534
ck_69ff1b0aa143a168,0.016303538624607834
ck_e57c79eaab35ded7,0.012032605027312902
ck_463ae759e2b6ad1d,0.0150651691622735
ck_0dae4a7eb587f3ba,0.02142369447726239
ck_9b12fb56529ebc4e,0.02100691707424572
ck_1af547077ba2dd03,0.14705876285190272
ck_de13de941bebc7cf,0.0006590220578136758
ck_83dde7da2bf647ac,0.010614100997603597
ck_c80a94d4660041fe,0.17050597287737831
ck_f39cfeb277ef6528,0.005637617048684801
ck_1cec1ed1512a2d3d,0.004001176071240217
ck_7955a359b6448799,0.00661669171407737
ck_8c0955dad13c3ca1,0.00721491498474312
ck_6d4cd2de601a2308,0.014704049526585328
ck_f4536ba8dd2d551d,0.004440517263652416
ck_b379c198d6db2d62,0.014693536418107488
ck_76ea90ebc74bcdc7,0.028140815795899964
ck_734f06bd4aa92781,0.029426475323869272
ck_677e1d0c14cbf569,0.0058297658285080866
ck_259271c70f3fbcbe,0.03443691196730676
ck_c0b744eb9e7d4eb7,0.06753943134533352
ck_3d41faeb96802f68,0.0008386328144078793
ck_8f604fa70fc3c8e3,0.020398394106640887
ck_0b3c3bea0e0ed339,0.006879853101509034
ck_be5df076b8a86409,0.002508156196948231
ck_6a475fe324d7d790,0.008502489160063265
ck_3ba3fa5387bacee8,0.0037693358661917103
ck_324b9939d9c1c31e,0.003308399317426133
ck_a7fcf7b592f68ca1,0.008997234816696103
ck_5b2728f7cca414ae,0.0018129159191212871
ck_5f4a25ffd0b85a47,0.05075770052145394
ck_63d4f5076fe4406e,0.003555278447377719
ck_af528d66c86f0cb8,0.011381165518850605
ck_ac7cdb9b8da7b5dd,0.014503104476564386
ck_3bece63711407e25,0.014181568524326598
ck_d4e0b2a12fcfc35e,0.016935502986077232
ck_ee3e7c9d3a9c74b4,0.02979434220256101
ck_50d7c4dab837bf66,0.0038706305704377074
ck_ebcb93a2990fc914,0.08266451802695887
ck_2329cc9702cdf7a0,0.007747615591533849
ck_db1fa53d588bf99e,0.009367416265873705
ck_44e57a0bad5a0745,0.0101472156859652
ck_472c81a144f4631b,0.01719406324494815
ck_1658429acd5306ba,0.02244074364354675
ck_466103ec5bd9444b,0.010229679554810857
ck_9757163e25262b74,0.008458363126203391
ck_34ed59bc2c9b0186,0.0032784121315053197
ck_b7bd3a7f263f4f29,0.01953160046588668
ck_149662b09d632e41,0.03393507211747017
ck_a9ffd6b3957bd41e,0.012412908619674113
ck_ab80466ef615e85c,0.0015413741224113392
ck_f2c824d3473db24c,0.006464001380072337
ck_a4a01fd45936b078,0.054456124342039794
ck_8f6ce158c2902877,0.0021700423912545783
ck_5189a302cfa7cefd,0.0006594493903932146
ck_430a3d03be588201,0.004863809774738647
ck_b5f9dd00914b4db4,0.08473974481954813
ck_52dec82e9cf6135a,0.05765765972511378
ck_95e444a01e2ab4a5,0.00719107298255793
ck_e37cee7b123692af,0.01534115126659642
ck_d68d42858a55adff,0.016121468518237224
ck_3abfc010091d679d,0.01071541470065185
ck_cee4e4e1b62bf82f,0.030132242771781212
ck_9ccb17c35e636c5e,0.006321925728680639
ck_f72a5a3b0d6c1177,0.013300957786612038
ck_7508aa554fae6afb,0.019736346311202302
ck_003aa842b7ca1d77,0.2808163169372385
ck_83b2b192f41ee2bc,0.04290169126455922
ck_64796b6b2c3c7f06,0.012965672145724867
ck_6438ae81d43cb196,0.00924117012535829
ck_2bd73d9098504760,0.037541192433046516
ck_aa8b9b36a099e4c8,0.009557267221847644
ck_e5ece47d0dd10526,0.016041082349503393
ck_16077ac345472e6a,0.004982896287680792
ck_a4d6e152b0076964,0.010109973073259414
ck_d90b1d03ae151f62,0.04889435097972834
ck_18b36d342b530af4,0.0049974760247216855
ck_2a01e610348b84f8,0.031531370002186185
ck_0a93ed76bf36c8b6,0.01611336729998492
ck_3d56b477fe2370b6,0.0727731411914466
ck_17ab3068fa303682,0.027124439517367052
ck_592a3520d841d11b,0.016278138514944286
ck_84d07028b5fca2f6,0.03151153627077991
ck_f4a2bb10afa85743,0.005820448410234874
ck_4fe4b072f03f2c1e,0.0018698910937047376
ck_9ad08fcc183ea1e7,0.012854627666452035
ck_130d3848b9dcdb05,0.005012889059167335
ck_bb399ed6bf28c230,0.04525400433601599
ck_a31a64a39a2c4941,0.00606343842471443
ck_c49f25dfb39909cf,0.008803445174349446
ck_55f50a9ae2db8ff7,0.008277858163129148
ck_09faa4e771cf876b,0.016359095241613508
ck_df520a7a6e405889,0.004493188467284521
ck_8c8c98cc694ac900,0.006341283850273921
ck_7f0c4f609673ef62,0.0038706305704377074
ck_f51fe59cd445d2cb,0.004048385184790376
ck_b3fb83f0d772a831,0.056356760078984054
ck_d6e7e257751c299b,0.0011267761511238737
ck_0d362ddb4a1cb6d4,0.01227790778963212
ck_a574a08edaf81781,0.006960953485249434
ck_a823f5bcb0e4b9df,0.00220840469993994
ck_f792586ad0381eac,0.025459123011193362
ck_54bfd70022c66983,0.0042747516586168445
ck_fe0a9372c9372de9,0.0029885981227096804
ck_5691cd6fdb6d8147,0.006766499497380399
ck_a95f212a02433d23,0.024612184968214573
ck_f5adad75e1c06731,0.047101794112615517
ck_e09c97520eb0533c,0.041777322844764236
ck_a1e13c0d58560340,0.0023492630856772217
ck_cacc2ca410cbe80b,0.024191504457167542
ck_c0dde2a6ef1e08c5,0.005832304847816704
ck_a04403073c90ce38,0.0070457717651293255
ck_03d3026107175dae,0.012098038841823576
ck_50176dae5b1b716d,0.0040387032537659625
ck_6c084bfcb38e96c3,0.04433094761721689
ck_36d2be9012f7909e,0.11229308964065353
ck_958acf84c6137a22,0.013236627012996858
ck_114722e12db90a73,0.0032509369455839604
ck_203c2a22c0c165ac,0.019158393359180226
ck_2c44ca550e5cfa82,0.006407917485906995
ck_df0a8f20ab8f14f4,0.015480478595936636
ck_826a27ff7555192e,0.0237196421861075
ck_09a988ebcf062297,0.03182874155486254
ck_5c82444b3b9160ae,0.008040580917892767
ck_f6a4a7ed27fe76fc,0.018163084569320954
ck_17de46314b5c6a92,0.03182033718041406
ck_335e63101b1e6c4c,0.03928010912368616
ck_c5eefc0697451de9,0.06575442320667306
ck_49a0efb5d4067b6f,0.04402596024244388
ck_c1f4509c8f5dac5c,0.022807238324374837
ck_57658eda1c59bc52,0.002547227264250067
ck_0d5c0736ec76385a,0.006929481888762125
ck_e0239e6ae30795a7,0.003317289897918057
ck_e4459115cd8e5e4f,0.003368832450822425
ck_bb4aec09d4968dda,0.11287066689653395
ck_a1b4c96faed3e0db,0.02657598087957075
ck_8247b79ac67aae7d,0.012724758168703432
ck_fe2fc7d6e5d83f09,0.002021698751263173
ck_f6aea576cde8d592,0.0033273152784415424
ck_b7e7f7d0cd886412,0.09078323198275264
ck_ca7b993e8286af7f,0.008489679753478618
ck_47de038381a9cd65,0.04844269324087275
ck_d38f941d09eec820,0.007526842834203646
ck_d9ba2a6c0d926b4d,0.004224365458903108
ck_cda72f597330d0f3,0.014710269410511257
ck_16d2d27fadeeacf7,0.002432315303308279
ck_be05447853d423a9,0.0035557701737001495
ck_cd92852d7376a4a8,0.010041391940421201
ck_2faf7ecccc9fec58,0.0031921488691394385
ck_db8733fd92f20cd7,0.0023429128058465895
ck_a9989a3a94c26634,0.018018250595131822
ck_957fb25437c75e41,0.05905612269406892
ck_e6a6caf6e7de17c2,0.039009507752371615
ck_f7bc569b37e8bdda,0.042242657771498555
ck_703b375dd86a6124,0.019566435144200225
ck_d3cfb3603f2c6ca3,0.04830102909484693
ck_07cb2b6f2a4303e1,0.02547242336670464
ck_31631e2028d4f855,0.0123783231084926
ck_1631bab0ba1256db,0.05350960011391312
ck_5fdafeaec036f016,0.09012512235727736
ck_6eda4c36aecad602,0.024954613403182717
ck_bd1bf9e3e29de281,0.08426433463017699
ck_bf378ea558a4125f,0.31852803967352544
ck_7aa2deeda0e57412,0.9176769873536499
ck_d229cf7f5a3f38ca,0.007748337676044983
ck_9e109edd124492a5,0.012749351178011833
ck_779491819995625d,0.014412436952957445
ck_b89c6fa2ad0a12f5,0.010800136438043954
ck_1d01b4a609918c4e,0.3886609024922832
ck_714c5d7cb17bc9f2,0.003629486965268061
ck_269f1746f2609ed4,0.025507904820322464
ck_4be03a2aa62b93c7,0.01261824291944663
ck_cf920313f6dd28fa,0.00981866711729475
ck_fb00aae4e17740c5,0.0038706305704377074
ck_085d8c42739e2b10,0.9853528889339328
ck_c72a7d0d03cf3e17,0.07919212152172453
ck_8f6ca5d3b17eac6e,0.013976269150315287
ck_d9573100bbff4014,0.0907305921051198
ck_79d6793d1d0cf43c,0.0016815978786342714
ck_91fa5032f7aff0f1,0.02082908474866301
ck_87110d84872c0fed,0.026353907953449
ck_8220da627e9992a5,0.000978350409944315
ck_2ae44938847f3852,0.005620067110222488
ck_b0f191e44f9b6f35,0.02200745176877294
ck_3049d744b527f4d0,0.002813183787330473
ck_47d3e8d1dd3fbcef,0.16298973216052443
ck_ddf787359d2b5deb,0.002654146923008255
ck_b27a9e39726b26d9,0.0057509977650291675
ck_80c4e9274cf976b6,0.9768029210079403
ck_c6afa913168ce8fa,0.01154228173593121
ck_52427b3f8478db19,0.01941514225551715
ck_3b810f15ca0eaa55,0.004740652447727233
ck_0c9e420f97baaa06,0.5128056280320871
ck_f8540cf3a8b2f8c9,0.02509709508220949
ck_1402d24dd623df72,0.014441887560896675
ck_eb4f4267e24d042c,0.009041081923120123
ck_6f661b428d6fb8e4,0.007549443508507976
ck_519a26ecf3d29c90,0.005017294887895993
ck_e886ba71d4a6fd73,0.007815247563444198
ck_437f9ecd2016a1a8,0.018218026998339614
ck_f01af1b0c977cc06,0.005106755618288733
ck_614f777c2eb5d537,0.04389900082452526
ck_b804e784cde9af8b,0.006278803465549627
ck_c2dccbc1b24b137b,0.19927772596221782
ck_1df4a1781a0f6999,0.03431578494497507
ck_bd2cdd53fca26171,0.016478339566773016
ck_424c254249a109f0,0.0013386711487647206
ck_cf2ca4f286e289ba,0.04036286615509187
ck_6c33cb15b0d8af54,0.010097772023344942
ck_311d395fa9b8550a,0.005243079543511565
ck_9f792e7e721ff7f1,0.011946443479590688
ck_4c37586080edb7fd,0.02007848538694312
ck_7c4f42c5397113b0,0.02382523649296832
ck_fc418f53ce4aa579,0.7139851648767908
ck_1ba28fb7ef726ce2,0.00527724411261519
ck_d932f98bf6b83956,0.05499568465395962
ck_248b3659a9239240,0.006214118353667038
ck_6a92cf5f4cf5de38,0.010884093744976139
ck_65519d0fb137e0c5,0.0059679548951954665
ck_ddc3fc99eaba2064,0.03255868621788016
ck_7310cda3bc65a73f,0.014549901337309205
ck_c01c85bd631d4054,0.0075458528621224555
ck_b4954d16b9749829,0.02227369254672165
ck_f301f6758e170d66,0.01560107440477034
ck_9bf95f8c47e7c7b4,0.0029605532162911936
ck_c91b7fccf6aeb4a5,0.021405443816440568
ck_785fa45e86bc5e95,0.010144418126211982
ck_2a65f1cc23f1180e,0.012551839014095692
ck_a49a2c1f881a3560,0.009460825022131133
ck_def344d68f06d749,0.007097181012946423
ck_abbd1465fc730d78,0.013011100907817303
ck_07a5610ed28162fb,0.020662578509292512
ck_7ecdee2d7127be8b,0.06112708267167145
ck_67858bc00e81490d,0.005516688879045782
ck_b4ad165ace910222,0.006290685238545876
ck_30753ffe481a1b8c,0.25527603496438256
ck_c401a26725b17177,0.0006292561522821185
ck_819988d8a7f26415,0.008982045942837665
ck_3364a1d9261b3638,0.02002614281454232
ck_c484c5bda389bf20,0.00395093816221928
ck_ae416325fef92c9d,0.46494765821262113
ck_5517b9a865960542,0.012342556638459236
ck_a0e96fed380440b2,0.014361011051007386
ck_e83409471d2b0b44,0.023715146467333744
ck_127273af97d7827d,0.0038094636132664918
ck_aaa9861c91bd14dd,0.011613903744676192
ck_a378c58294001a36,0.5064956603791834
ck_abb9d65ff1f95b64,0.003577158719630065
ck_a5ecbefa849ae569,0.009432505623749846
ck_aa9953c0ca2bed7b,0.003691781232650098
ck_40bc6de252865f32,0.0032317775666618697
ck_9fb11688dcfe1513,0.029335417094089142
ck_ba68841ca2ba073d,0.003978626147417208
ck_1d3e561a7d20be0a,0.8921621278528165
ck_99a92d710a29c1d0,0.01135625709546317
ck_ede2e887697ffac0,0.0014257963210897837
ck_e6de67c0d82a7b83,0.004923607508840121
ck_6b38763bf5ddbcef,0.0009585421569563267
ck_8dd44eead7d765a5,0.035922112718218706
ck_30bf5b0056eea9e9,0.3079203992735469
ck_2981d16f8a51a8ed,0.03847347861749023
ck_fc60f42c68c7024f,0.011861437271847445
ck_8e2b2251ee224aa4,0.023381939342923163
ck_1906f0dfaf6e9bad,0.5473226260356235
ck_dcbe6814fc4ca0b4,0.05178641492692261
ck_f7e958a286ae3b57,0.009765958813050124
ck_713649668a7ca824,0.006216341186988946
ck_6f73cdbf9305e2ea,0.009315782397148002
ck_dd1c490050cd9051,0.04165981006270452
ck_e30db36e376606f7,0.21742158664650016
ck_740d8fe8028b5a2e,0.04282397821125207
ck_ebbc9418cd41f692,0.005284941617706039
ck_7b3cc6cc3f250f39,0.014225526756236666
ck_1d30eef7110809e5,0.29930000530232304
ck_77e0589ab339ca66,0.006890366120519156
ck_15ccbf8ff7d14086,0.010291037095055765
ck_246989b0c288664f,0.017734713445997797
ck_fc2a6e27b10b10e9,0.0011397113175086735
ck_8afc1112c12f5402,0.004854064729795002
ck_a76e8d83b9141364,0.04306541469296075
ck_51d3e8dd7465c015,0.009331976731696705
ck_e7b4016909405981,0.0022658041384256288
ck_e7a3cfb9bf908e80,0.04152176923383811
ck_2bb49dc2388cdc1e,0.002653661857864105
ck_94f4266ee7871345,0.021725186429544182
ck_b2c896beec146477,0.04914294721522808
ck_fcf5d4a4748cdd53,0.013362746314907942
ck_fd0483639811f62e,0.044888610066909765
ck_9a21d183524734aa,0.05635878084672359
ck_1df4b46c0a4c317d,0.06544305621486342
ck_638df9e8a22dfe0b,0.009872966060704374
ck_65acc43a6dc3e65d,0.015358578783180097
ck_7c67b73196e3d0d9,0.032228191803029126
ck_b0ee3a98175b462d,0.00620276189304135
ck_20fad010969f1abf,0.009694633825561762
ck_54b087bd873af8b8,0.009609986382820308
ck_8007824431fa803b,0.015531132364964487
ck_23aab322810b9fec,0.06325384224358878
ck_c8001bdb9aafc8a6,0.017997753843026373
ck_3a34c3ac83cf84b3,0.007670256086526957
ck_60187ac2c473a662,0.9287994686707397
ck_6a0ccd7357979f0f,0.010172555514605061
ck_27f20337bef5ffe0,0.05923261602289661
ck_f9fc468915afe49c,0.02725742455032864
ck_1eabc15a94bd9009,0.0029301255909456488
ck_26896c494b2768ef,0.004604267271353066
ck_348c874eaf0354f4,0.011763773472301254
ck_be9c46acd216b45d,0.04233480837042785
ck_a3cce46d15cc20a2,0.059198108461152955
ck_70804f60d9704128,0.017755644086440946
ck_a019151ca8e7527a,0.04283413040820247
ck_571133b2aa8ead51,0.011871182363639024
ck_0afa4449f20d5196,0.005728449052743616
ck_4d503c41cf4e5034,0.026107745236215018
ck_d6fb9cc5171e3e9b,0.3394231654025525
ck_05ed92a7c3e10e5d,0.009133577739319845
ck_bfb067986660afe3,0.02222068375361732
ck_c1a31690c8573226,0.004110639591476113
ck_cb88ef3dc1f42225,0.006864795318362231
ck_21e3b3bd998745e5,0.003554884350481048
ck_cf52e46fa54e4540,0.006440317096984029
ck_b72c7ac4208052ab,0.004310440382423663
ck_e6465c56b337e6c2,0.002452957691582953
ck_5f87eb05d18186c0,0.01840034966851464
ck_263f6c5ff26b5e98,0.013185927396450232
ck_e0b7e2c0bbe228d9,0.003691966202901193
ck_b657ae3c146cb7bd,0.003252342537794354
ck_abac514d8167ea58,0.06407841970236391
ck_024dcab126876002,0.014617510695727037
ck_5d8481e2b38bd99d,0.025982278001240273
ck_edf229c17d25dac1,0.024078723776833
ck_6cb7c97b72d6b5d3,0.019083081272013403
ck_c96ae2c28086a059,0.00416275324984707
ck_2f241b97c0f8389e,0.009813065941622349
ck_9158bdbb63ee8987,0.0043434544751301315
ck_e7b40b60786c1530,0.0010308856968868523
ck_66d38518f68e6194,0.0024870992189569424
ck_8c9b57ad2a991416,0.05304119360473797
ck_cc91bd7152d3e9ba,0.01960789918944702
ck_0d846660c7957a88,0.04778997643241606
ck_60896cdac2212bea,0.5059758875757145
ck_dc4db8b932df49de,0.022172501574754276
ck_2dc31db181150e20,0.004395146598868186
ck_2f138fce1171e277,0.002830775989304846
ck_68b8b859a6ef505b,0.08647808535440608
ck_c3fe0c6c5e1f40f6,0.021477904114569336
ck_15886fe84866de92,0.0159878486173851
ck_ea269b35406473e8,0.002633193916674245
ck_3ce7cad1f69b71d6,0.0038999089106109457
ck_054ed4288ee58d6e,0.025770924640304286
ck_3d4913a86f207fee,0.006263864164051031
ck_23ff85f9d2355e8d,0.017593547712302298
ck_d87ab3261322216a,0.0011731219974978687
ck_fac046ce336fe39d,0.026247237710853393
ck_beb97e498e6cf8e8,0.02917626218057372
ck_1f517e0ebf397b51,0.024259355729647988
ck_0af57ebaa45877a1,0.001127818716287901
ck_f99bc1732ce5e999,0.03912554247242575
ck_abb056a9deab275a,0.014152188239754221
ck_0bfc394c5faa65cb,0.0011473504719383726
ck_ddc865af1dd5670e,0.008387990755962606
ck_68b5542459638b56,0.03511708627858726
ck_0b1d84252c0b46c2,0.0005869441840330519
ck_520ec32c4f253604,0.02283830175849158
ck_79ffcfee599d77c7,0.03578830328715238
ck_eb224c0fd146253f,0.010007162133375587
ck_0e477084434da450,0.03410105276343329
ck_07840bba5570785b,0.07932608550527255
ck_6b67fe8e310ab865,0.017730082995944384
ck_e2a1068c2fa22525,0.05791076160001973
ck_b9c6b32f6bd92a3c,0.04089381420971189
ck_c1e7d1021ae58f00,0.001112665849873601
ck_5d7801201749ffde,0.02227369254672165
ck_c8806749e263f70b,0.00536626312973991
ck_c9eeab826781dc91,0.027848451891732573
ck_309a432c160a17b3,0.004882862446910203
ck_b22e3337b8e3dbb2,0.013605830397384175
ck_79c30169c71b8033,0.5504659106814441
ck_5a6593d954085775,0.03315558723131525
ck_70b9b79ea1aacba8,0.012480189904938299
ck_63743141ffa11f45,0.010176046584248699
ck_dfd3dbd0d97a642b,0.005255421388621494
ck_635646a661f05b4a,0.00907504696413994
ck_4b123d6931b6d0d7,0.3124118148121491
ck_f2b0e7a47f442557,0.1319193670353003
ck_1b1df006b81d38ba,0.048374040675163564
ck_360237c1bd30f4bd,0.0020184732935740316
ck_5e84bca0e362da20,0.009456281810983534
ck_142dba210ed2f3b5,0.03745877887608976
ck_a3564236069e3524,0.037321411027021315
ck_cf36d8b070ded782,0.004356611373232554
ck_ddd6625c5eddad70,0.006589830146277262
ck_ad54292a0b2f44ef,0.029028616536803956
ck_45cd5ef6b359e9b4,0.0022727846051475843
ck_982c2392238b7be3,0.1190659432637114
ck_083e4ac78685c3bb,0.02333155034787741
ck_729cc0b46cc2e546,0.15794049349657371
ck_f2b8995fe5402759,0.002526287590498323
ck_73e24f5a8da289b3,0.07599282936976397
ck_bd85f30c36f5998d,0.02626924450200201
ck_ee4ff3aeadf912c1,0.01966858048606175
ck_63d2978706e193d2,0.0028347485673841564
ck_6a0684436a1e66c3,0.03428823660638982
ck_182dc4a2f5a366da,0.0030116718119574996
ck_e6fecb82fc2a82de,0.005060573573120135
ck_cfb06f07394dfe64,0.0011195475614371063
ck_7bbe1dc8add17ef0,0.06430288820781753
ck_5cacad76e02c8e3d,0.41060121025447427
ck_ca68dec0c7df5a12,0.05703838803640966
ck_e4c0fc52c82065d3,0.02392629895067765
ck_f9197b070416f443,0.00867969611662716
ck_2a07c7021b71cf65,0.038554408053041826
ck_4fa85cebf707de2c,0.003031019258098899
ck_0063d2a9507467e5,0.0019207825371572534
ck_ec986285fff05b7d,0.00887344643698657
ck_279d43303708109b,0.0711653207732119
ck_a406bf11e48cf8c5,0.05396303585960542
ck_064b2aa3f0bfdb6e,0.023820720491700153
ck_95790440bc4bd2d0,0.021780344465198692
ck_70066eea13b4c34f,0.02042189703082575
ck_19468fe07e26f992,0.7213633046584395
ck_86bfe328e0a533b9,0.5664184069674059
ck_ace3b96c977a7560,0.022444503691199918
ck_642344e5c652d8df,0.007368626084317775
ck_074be35c951ae10a,0.016325830709761416
ck_f14dce41036486a3,0.9876116356763377
ck_5cf67a3a747e684d,0.01975896973597575
ck_f7285b92648c1c81,0.010938786682079824
ck_bef3193f124fca5c,0.031162280507494977
ck_05c4dcbb45de1f8d,0.038038622991227226
ck_d7c28eaa05bb7144,0.009864588296261249
ck_320df984791a1b99,0.008994101311333899
ck_f45bad1606fa00a7,0.030443113853201403
ck_6f81c199e986d9fc,0.03233168805812774
ck_d0c9633fed57c344,0.07636851500139304
ck_a3c25d6cc7478068,0.007695790626346886
ck_4185506d12cf9fa0,0.0020199502825852997
ck_7a02ee1bfba7353b,0.005843681325183446
ck_1b52590757c0fbeb,0.02157117967458451
ck_a0e5656e1cf9cbf5,0.0019221306813119753
ck_ace21f6daef94f6e,0.008935742198656383
ck_646d8d0834782d6a,0.13340170132156717
ck_1f136a4476b5e775,0.03809763470929644
ck_325c7643cce02da3,0.025915482925364604
ck_9b5e7fe28208f5d1,0.014552971632160865
ck_05d81b1a150f31c5,0.006040696580518182
ck_0e9ec486bff403c5,0.05683522499631611
ck_ee13c091bc379188,0.010538525207127487
ck_f7a7f8f5903617c5,0.016763181274815242
ck_96c3a3517153390e,0.008314559530365098
ck_538dad7f096458ad,0.0021995868845442732
ck_8758fc6622bbb7df,0.014904901593300554
ck_f7e53af3c91fec64,0.058256127976299664
ck_80b50fad7f255e1d,0.002628815280008974
ck_9645e7adc08631b5,0.016881817374276558
ck_e007aedbf37d6ec7,0.010244768674052713
ck_2951d76c41de2569,0.03719890486446857
ck_9439bff87e616d4a,0.08252389543269013
ck_a73045e96af0e4fe,0.033481684891419235
ck_7b382e533e2e925a,0.020472988475143547
ck_730226c2d216cacc,0.029301026711759645
ck_bdf837d761a7cec2,0.012521301070221709
ck_0b34197335ba3341,0.004830048257794087
ck_49170c4b31a20f5c,0.012371223623865514
ck_cd553ba6589d8bfd,0.010878027177506067
ck_56b992c6f136fa5e,0.03717485695348829
ck_8beae3d7328fa41a,0.013571613129960206
ck_1a065ea906ae3d6a,0.010367490033815882
ck_e9e3381d5e0e5051,0.004319901134932768
ck_a6d4f998dadc90c2,0.020264024411326815
ck_d36733da917115a6,0.019106921868733626
ck_e738e920bbd74a7d,0.012651023589107939
ck_af65eb885a51048d,0.0017173455197931852
ck_73f4eb09af29b1c0,0.015286527839216336
ck_8fc641b1750a2542,0.02252875225810414
ck_41b954c7a948c060,0.04757946049309003
ck_25fc3010e8a0f6d7,0.006245506727480248
ck_a2624e0387974e0e,0.023816645372728186
ck_5cb9d7b2329d5ab6,0.048445409756405086
ck_6c83aa1d100a7cd8,0.18912097801758285
ck_67025c64588abd1e,0.014204232689953135
ck_f5dde68f6f0468e1,0.016067748133088217
ck_46bfb2cfc29a6d2e,0.05373292861895175
ck_49dddb894d33f6db,0.03481541592683117
ck_f738b633b8862d18,0.0021977801491295614
ck_3d6c3c00d854f5a4,0.06527146817341443
ck_cdb8061d8d1a6c5f,0.02305556867341749
ck_5e1b81848718bdc3,0.014922661588779078
ck_8def763034187436,0.06734183184463705
ck_8f8e4fb9c6190272,0.02568121965070995
ck_368b968b5f33431e,0.011441283698130142
ck_ba7e347251ea399b,0.0519570770803558
ck_9075432001a64e75,0.05845162052411204
ck_73c5371635aca173,0.24827722592389379
ck_81793387b38047cc,0.003494860443117588
ck_0cf220816e320ac5,0.004008312804286213
ck_820219bb9c761b52,0.07216225899128874
ck_70a932ab39d86a24,0.002420459776216924
ck_2c4be237a7ed79c7,0.013470543693059537
ck_acc764b49ef02826,0.16899443264691616
ck_74c3c3452e4e7cce,0.003248207223902866
ck_34dfb57e5bf31d2f,0.027385740800621727
ck_6ec39903f765956d,0.011723537964403409
ck_5986119e7d81e831,0.013001418097361581
ck_2ddfc948b8eac752,0.2022840828175832
ck_921ff5ceaf40a968,0.040009551478016346
ck_fb3b68b4424b5f92,0.19875734383498878
ck_c3db1b3ad4f16679,0.0010378756423556452
ck_124a197be41687f5,0.011885630079497977
ck_c58d9151834f5bad,0.006270316929514439
ck_389607982eb6b701,0.15536352350571078
ck_fb0c138c003e933a,0.01469370275565621
ck_50d0bb7edd8c69c0,0.04645266502153602
ck_c6cb651149dc9a8a,0.011407154534381417
ck_81e21354e477eceb,0.059673700790591505
ck_7696e38b3e4197b0,0.0022228721308919326
ck_586001d3ed9e7fbc,0.003692753784080313
ck_bba413492dc46f2a,0.006816271820793947
ck_95b894380ad2702a,0.011228038163778667
ck_277621473369614f,0.9654378798358907
ck_a50621b5eeca84b4,0.003493975375973423
ck_bfa7ba218b988cde,0.01078136629576428
ck_5ea89567dfe78e4b,0.012080804296159394
ck_6c679602a6476ab2,0.017242674195925983
ck_d3885e286b3b11d2,0.008544114238878117
ck_cdcf6671b37c9c92,0.06757242278024915
ck_b5c93e6d34f8d366,0.0023976577997784827
ck_c24f61925dc158d5,0.07724028357965082
ck_cd09375e6c81d2c4,0.018484594714462656
ck_a95afc7a00303a26,0.01167628803595576
ck_8e89ca8b39f3f8ad,0.0047961264333344165
ck_9a84b396aada3fa8,0.05548036040589911
ck_5124a2e415384945,0.005677278149628586
ck_d66bb1f063357f99,0.02611097342318188
ck_0fd9312411b0ac55,0.05017430158915135
ck_ad8cbe6e27e47ede,0.02509709508220949
ck_8398adeaf41f9cae,0.03418716656834499
ck_dcf851e7bb5855d0,0.0005733353144977744
ck_9affb0f26776b642,0.0378296388152051
ck_f0424b3b36bdbef0,0.019462114748923353
ck_66746d1090d6d9e9,0.022788044324259214
ck_e5f8c8a5824db594,0.017187668542501377
ck_3e91dcc209431984,0.03426295439533357
ck_126a82e8d42e5ce6,0.011584394118670151
ck_38e4a74ab256e2eb,0.012165074657791541
ck_1225a97fc413a419,0.020236223622727326
ck_9b5ec0f78e160e65,0.004021584122867409
ck_7c5529bcc079600b,0.009673124996134277
ck_29640fc2fe81c251,0.02239737443198348
ck_160e9ba0a3f7c1fd,0.004638464225650039
ck_bff090cb4ab76b9f,0.01142604793117499
ck_aa06ed358e43db69,0.04330640789937036
ck_7264486eb512d84a,0.03478119624556503
ck_f5a32e6160b28379,0.03570535707400098
ck_4ba8bec14c2217e1,0.011048512216003777
ck_610815786d729d2f,0.03252354957634971
ck_e267999226b6321b,0.014083232224725937
ck_f3996a3c8eea1ea0,0.023706530592948884
ck_e9b75ed7567a3f23,0.0073646052961501215
ck_d21612d48bb4f7b8,0.00958009427782147
ck_1f871df76c6a995b,0.012026537901546943
ck_953bd5de48ccd70f,0.2823268162574325
ck_02a9104419a6dbaf,0.062082118546930715
ck_1eeeee651e05d535,0.02583134428629117
ck_e2ab04136a442a98,0.02623211685445389
ck_f0d806624ef3d359,0.011309607737665388
ck_4b68b38c1b3326a3,0.008223377944162127
ck_74e60495f8861156,0.010333390016956595
ck_398f3f4cf05c721b,0.02101246576541048
ck_f761b7650a0c1a85,0.10896654758789662
ck_7dadef33f5e2d94f,0.85909703226875
ck_6ff6883633b8c7ba,0.0021180286856390122
ck_4d2159603045109e,0.02031370255299829
ck_a38bd07a5fac5c9a,0.006332554995703243
ck_f517f06551e69507,0.00466061833601942
ck_a7ea00a1760ad561,0.9089913660684292
ck_31fc51d5a3dfe16a,0.024635959931195273
ck_bac5233623b25ca4,0.013317424565450696
ck_385188ab27784fe3,0.0282799057094973
ck_9947a323bab5cacd,0.04754486899020941
ck_7973edc9f22ee7b6,0.024660932334567617
ck_f97c477986043755,0.009201656050260592
ck_1a3fd2cc4b4de196,0.006944905086630019
ck_e18ac29ea62cb435,0.0143213337685313
ck_9720a472a3e0140c,0.004442849803546098
ck_668c7fc7d7e47c0e,0.04539555030794212
ck_214af0806470ef48,0.014454318057715786
ck_a46c1773f01f0be7,0.0691609169858955
ck_f2bdcfb4203ffdee,0.03587161780445539
ck_40e84e6ffe788a4c,0.011663504820501016
ck_dfc6f5712d8d6678,0.04996852622321766
ck_01ef1036b2e66a4b,0.0008957662728177787
ck_3acfec10eec32f9c,0.008386218130819247
ck_084a85145c15ed77,0.04304049724240694
ck_fcdb4fe2f095fba1,0.02509709508220949
ck_023908db0a193076,0.17990491718061738
ck_fec0ff92fd622253,0.022980643115212973
ck_c009c97d5fafbced,0.08393533400887039
ck_eb9f0c06ee017ee5,0.016256447500219987
ck_d7792b429620fc24,0.009755134871553061
ck_5e9e149a3b69c726,0.020230647750989962
ck_ce927322ef8f651c,0.006686445365031411
ck_b8fd61a8e82bce32,0.9879853473649095
ck_9aafc33fba1474cb,0.0011216338217326174
ck_ce81ff9b8b35562f,0.009035187371579682
ck_25bfca1d8eaa152d,0.002148565349014022
ck_170c65860e2a7e23,0.015172665566354677
ck_952da7ca9f33decb,0.016172821205951548
ck_1ebd574406235957,0.014978083378283833
ck_589109a188adc2c1,0.004478098946657273
ck_f0cbd5383bb07778,0.013060304763278909
ck_242521e261148fba,0.0020140027750421164
ck_509cece86a558de4,0.027835462602722443
ck_0dd7c5925d28755c,0.012582969092367467
ck_a7e669cf1c3985aa,0.041827566442025316
ck_acb84dc2351eeb76,0.004042623805560512
ck_b837c7dac2a9b931,0.017274270834287182
ck_18eb1f9181f95df4,0.002526287590498323
ck_b0b9047dddb1ec84,0.0266936800084576
ck_43aa136bdb0a2832,0.25134587166073297
ck_3e47f8c56c811700,0.013202014286213174
ck_77c587d24695ea15,0.056200590879740525
ck_20578ac693ea4e93,0.02048127267084694
ck_b9f6040eebd1605f,0.05150696885665465
ck_ca9d86f65cfdf018,0.023457846773570285
ck_a4fa8833995c716a,0.009421351352371116
ck_f589f1e29301b5fd,0.018698846627785027
ck_961ddb8ff55d868e,0.0069972844312566175
ck_5662492a54e6688b,0.06181847315014195
ck_ad48826c1c26eb78,0.664331080124814
ck_621c9ddde6bf2eca,0.04169010895803595
ck_417a3500b2c717b3,0.0254404323057259
ck_c7e129058beb3ac1,0.051422379519204676
ck_ec1c902b9b9b9c5f,0.00575710363476949
ck_317360ec0a67d27e,0.02988529350521283
ck_3e3ea5d8c4a229dc,0.07700782109666329
ck_d11d27de7bf0b973,0.013325323417024214
ck_d37d56e931105db0,0.024033844444123733
ck_4863077723cd6ce1,0.0015207080947790116
ck_479a065d5903e9c3,0.0028231187616408774
ck_e66ae4fd586fedea,0.003913006903953231
ck_192bbfd0d5720134,0.003484029198038845
ck_3b436cb29af99f3d,0.020297192930250212
ck_7c7ca54969eed187,0.05823022170351617
ck_826ee896c9f1144d,0.3166673284897863
ck_ba1f6dd43fc8a0b1,0.007750515534197639
ck_49685deb63e4e8f8,0.011543445185283165
ck_687ab5d5554bfa79,0.015149261801587764
ck_41346ccd9242cc8f,0.0034794077021160445
ck_8f8e5e2b9dfec3d1,0.01933744055049062
ck_94d5ce61a0c50465,0.00947411615640222
ck_6b954c75aad8c012,0.004535563160408603
ck_748af92828c9d288,0.004200236547986138
ck_dddd14091ce812c2,0.017178085064609626
ck_723323f6870fab59,0.0374047715332002
ck_dbdf8d0708cc6718,0.002869593361450565
ck_f04938570a154de3,0.003962504384652836
ck_58afa1550b3b5294,0.015770853348868203
ck_3b150afde386ecff,0.0035775372341687478
ck_666b95e75d99ec4e,0.5257799989445402
ck_e00332597cf1eb24,0.01560588970179775
ck_9a9e3dac79280d7f,0.12562928296067036
ck_e8d37262e859d9a1,0.005060573573120135
ck_895bb39d24bc1c4c,0.0041445312571011415
ck_b367449195e36499,0.0061113996020238
ck_d23f9a50d1135ce1,0.015987701025671108
ck_670dc4910cf476c2,0.0036422785395133243
ck_3ecd8a5ce65e21ca,0.007656609031240937
ck_8584fea2df4c6317,0.03386541875535748
ck_0789ff4562202b20,0.022324923155471285
ck_749e0e50c3907be8,0.006569585842457249
ck_c3ff6790cc6d7e34,0.002813165961106545
ck_75fb7e56432ee4b2,0.003010723726641842
ck_529fc3170fd11abd,0.16628627654317463
ck_34a69b3b4a681796,0.06630300198022374
ck_255f0e5888ae9e23,0.01648088825758778
ck_65be698386474170,0.004726939296925389
ck_5eec9ed855c26000,0.004943252490991025
ck_5ab39bdc9610f6f3,0.3273721380194115
ck_1b5b75762f033462,0.01159925802373427
ck_d3e208671cf37f91,0.6142811517121372
ck_5068ee554ceff971,0.04236079272440341
ck_d7d50fb57fcb2d0e,0.002959686260554784
ck_ba6e1115fceaa067,0.023089922773589157
ck_d07bfb16a4a7dac0,0.6320393797243952
ck_ead68310311690c8,0.22852367188814887
ck_ee53ce862bc9c111,0.04923504450470733
ck_97e56e6037024dff,0.003642922681844689
ck_80b04344c98ec072,0.0038865585481213864
ck_5954f45a2ab45f43,0.02350194708530999
ck_18ddf7e836256e3b,0.02147235250335104
ck_89a1a780144d808b,0.012435434245385632
ck_a7331e8b808c39aa,0.04386835575282871
ck_a1fd0ad03ff9b776,0.04457493949819447
ck_c0cf50eef030b401,0.0020564924292567183
ck_074f20921189e7d6,0.003497274287111942
ck_e2aa7be60794593d,0.01675398558353213
ck_72771757dfb7f7a8,0.027858940438952564
ck_a9cd84a6dddfe584,0.06387056843927107
ck_142c00f9f8557504,0.011486383204458345
ck_221b5d40358230f4,0.01631050587226628
ck_a2d7a563f520b7ea,0.013753900887365033
ck_66cd34bc568d95e0,0.01259670761472384
ck_a17128972d3e507d,0.04120874286285478
ck_bda299466bb2136e,0.005441924967920368
ck_2b699066665abe8a,0.012800266275823658
ck_0ac9848bd4ba0c14,0.0024037576621595185
ck_98d2f9a6ba3a3077,0.3464941372213363
ck_a872df31b28a5f7f,0.08782923462021601
ck_7e73e1d44ce82ed9,0.0213636038849253
ck_1a415416f620d49d,0.0038541641691027654
ck_c95c786d2f8b8edc,0.004818660077581622
ck_e45012f22b7f91d5,0.009151271961617859
ck_aa0b083e2a6813eb,0.00562238471812534
ck_4666232ddbf77756,0.01359822952138296
ck_e08e9c8ec5f23d8b,0.008818950972362748
ck_31d4c0518e5f52c6,0.010569283125825097
ck_c1ab40638f04cb02,0.04143424983866597
ck_4c1fdd1669c7cf51,0.005320856040733547
ck_11662cc7940ffc82,0.1837412797287908
ck_2e679af24adedac8,0.0031832691190311286
ck_454b9e21b7f25a4c,0.005336170613523056
ck_355c4f29089731e8,0.2762680052953597
ck_507e40760a24d2d5,0.014160480999095513
ck_0943e0f305078e34,0.9411121663309816
ck_abc54ed7111e9ed1,0.00984776963755363
ck_a60fe02fc04407a9,0.061600475226788805
ck_244b897bb4d57c1f,0.023389285030820984
ck_8c84fcde93a04334,0.04620584156264762
ck_9eea37d2de633b27,0.006745930732256499
ck_b2cb9e6610eca967,0.024223582698006032
ck_09aadb4c41b166f1,0.04431289672026735
ck_8d94fbb4828ef326,0.00956116272833041
ck_089e3a07abbe3b8f,0.009700304028191001
ck_dfee9de05e3971cf,0.003352419269745596
ck_6abf8302ce052451,0.04165040367313975
ck_6ffa90143838a4a2,0.005414846197389931
ck_325caeab5c7a9c3a,0.01468869195566365
ck_1964ee9db929a173,0.8147644882929415
ck_942b95988a6245a6,0.044955967893900405
ck_913ecdeeb8e21a9c,0.0017467934228704112
ck_ecf9794349eb4b3b,0.13287782230276116
ck_b6cb8d6ae828eed1,0.02281252634543427
ck_2f82ea66c4f53b33,0.06239226937911333
ck_6e676daa4855b58f,0.06717753232373895
ck_2a37fef48b44e9c8,0.00452378231123406
ck_3bd12d468fdc2450,0.008556814648405756
ck_1a28b6a40a6bd3b4,0.02643732803972833
ck_61b79dec96d15713,0.008803670148335703
ck_31d5e3daced93d3c,0.032891359786880216
ck_e6c8611c0cf233d7,0.005742933436385732
ck_f04761b4a937ac3b,0.004589730761515036
ck_38c1c75cf055031b,0.043303025188811455
ck_59a561f3df01441a,0.013351656419768938
ck_04e40f556a5062ef,0.002840112742849611
ck_8409716d174635b6,0.003390557964655524
ck_3019afee83342701,0.06362511131393761
ck_b51a58e7f032c9a8,0.0808118713999299
ck_5043e474f848346d,0.05791905503208996
ck_4388abce33ecd01b,0.31822228114242485
ck_c93def7392f0aff5,0.0375220451871001
ck_72e7b1acc19df820,0.021542564261435155
ck_f253130dc3ca5b3c,0.002526287590498323
ck_eb264d1b180d4b4c,0.040086027886542724
ck_c2504f5a113433ee,0.004238613192203565
ck_c16ab1e4dafb4910,0.026486673940103515
ck_4bc42878fa180991,0.010795271522713038
ck_1c771a7c78f6622c,0.021836308723289267
ck_d523f0e50a2747ad,0.003905460608470186
ck_9060f4e7ab7a1b0c,0.009447073026343332
ck_6b55ec4e87a5e22c,0.02372415883619567
ck_55fc62a5f89a7251,0.011295470254697286
ck_bd2545c62f258231,0.15531656097555874
ck_1ccdc69d0bb712b4,0.008508881571572062
ck_710f867a3bd5898c,0.002680861037514656
ck_f91d48c40337d375,0.0227629291109371
ck_f76d929541ed41dd,0.003949295724419357
ck_e26a6659c237b650,0.00611266616923104
ck_184983177b73dea5,0.011752568322022408
ck_6d0d081bfa8a0022,0.012490067705331937
ck_2f6e64f638da0f97,0.007270471778210192
ck_15b93103ccd38609,0.0099597330471022
ck_094d10439b7b4eac,0.054521384699888056
ck_d2ca47180a926ba2,0.0022149507418581264
ck_a69ca7b9d70972bb,0.009423988363918983
ck_68914e67343a7d32,0.00834591839065022
ck_8176616132458c0f,0.012713115647133628
ck_eee99af3598311b8,0.16294872851401268
ck_94410eedfca91304,0.016096960605745333
ck_cfb11a0a2325bff5,0.00429882975188015
ck_75217ee144b715f8,0.0831090599870484
ck_d56fc799542299b8,0.009428755185088906
ck_4c352dd3e7c81269,0.06331254084878646
ck_e23e50e02cb3904d,0.047923747359840105
ck_b921af37d500e139,0.0009990243859750079
ck_82181b935360dcbc,0.6802037958476914
ck_22a7cf3b99c5e5fd,0.027667500580383232
ck_f67ee7910d532216,0.003092031295400988
ck_5f48762a14a0326f,0.005561482563194083
ck_1757fcb0e6e3f88e,0.04800832148588179
ck_2c2f080ba185016e,0.022566621586774045
ck_4c25570eb72711b8,0.0068630401023490935
ck_a3be871ca22ac416,0.031869538940429855
ck_ab70961e7c6695b2,0.013180999076451184
ck_a1cdebfc42a52448,0.00408739074309349
ck_f1b80b821a20186d,0.004702221334498268
ck_ae668e4564cd2aa1,0.016253876647425874
ck_0e2bc3a5afa439d8,0.04639784135823485
ck_3dc378f37d0b74b8,0.02281565576684649
ck_9f9555197480d1cd,0.01855273623658184
ck_bf4e7d48770a4a8b,0.03304826353574005
ck_614ef655f0685060,0.004810470594603896
ck_04d2ea38ee27770f,0.0036172605469901526
ck_e03a9d8ac94161d5,0.021363814269728953
ck_d4007b5b26d9d854,0.002057365255044406
ck_2dd147ce6d61749f,0.014832904953030008
ck_ff45764ea7d6619f,0.020629675437388393
ck_dbc487cb0a6c18da,0.16822118165726838
ck_791d5392bbd80447,0.003441315121964934
ck_b4068439c413b150,0.01859229633676679
ck_85df7b7de9700aba,0.005575504822824562
ck_001e42551cd06e40,0.00923956941704329
ck_a6c02ae50932cd9d,0.045390118128123866
ck_9fd0be2c018ff5e4,0.02918968693404625
ck_32a495128395fde5,0.010864924682920444
ck_b6f2a2fd232c141b,0.05357526308930253
ck_28dde633692904b0,0.0455340285042271
ck_a1a93c5f375f6021,0.008969538899419696
ck_e3982142336782df,0.029966819841645658
ck_a9812ff3c111ea94,0.0530027814683584
ck_f04062216f95fa00,0.010044100804062598
ck_7c560467daca735f,0.0037115581778607016
ck_76ee10d6e2dba70f,0.08759389508246665
ck_3521243bdac61178,0.0027927488120281386
ck_28588fb03b320520,0.07299858809535206
ck_580dcec33ec232b8,0.014807555822064446
ck_7109923fd7dab20a,0.012759342791687802
ck_7c872c99481c1e9e,0.021069479385062345
ck_46f4e1f5026f4d1b,0.0033309887127355602
ck_00d1ebc31ec4653c,0.07389735913930816
ck_aac70764dde15168,0.023475000836408643
ck_648c03f9aa4e45f1,0.01299946025838766
ck_5478eb69ef912785,0.09335582763017357
ck_79b8523137bb2603,0.02322310481275691
ck_795c49f312640019,0.0019096166968877808
ck_89184bf7b7fe41cd,0.1559301559226595
ck_97d4bd922996fa10,0.01761501287990054
ck_1cef30d08f3a598d,0.006434330807961777
ck_2f9fd36a4a40a6a8,0.00763571809695984
ck_40780fc0f8d6f309,0.06744582351114835
ck_9083ca9fec2a7f4c,0.006117375443505208
ck_62081bc35aa59931,0.016726591572848955
ck_2e1b46c5fc56b863,0.1377412802696367
ck_3d139692c51b604a,0.04634356481552798
ck_b5e54e22e3d6960a,0.0038706305704377074
ck_c0c4be3f44311b04,0.00849567831414059
ck_82a8bdd2692c2a5e,0.0045576959125904065
ck_bdd2da300b530c5a,0.003911341577419453
ck_ee40498cd97183d3,0.002526287590498323
ck_70b9274473bd6dfe,0.0011724278844254272
ck_473d6314ea614b29,0.005397858565502027
ck_7443d6dca8cd1352,0.025916689979303943
ck_3b49768b448b071e,0.0011820768864316633
ck_b43f04431c267dea,0.019058030188729244
ck_4424a5223ba2fe00,0.019825685721438634
ck_819bf3e8231f4081,0.025937725679191895
ck_91d417507a8c58cb,0.05456305012090497
ck_e88e86b19cada4aa,0.02809408387790979
ck_59684167f9c6bf4c,0.02782579089921145
ck_d5f5b0dc97b9dc27,0.011069013299627502
ck_13d1b192bbff8f32,0.009014329106852481
ck_b21d8630387cabce,0.001753154935456942
ck_e4ac22046699b99f,0.011688180691600223
ck_74b848064f2ff45d,0.016265923175524704
ck_166aa980cc87fa77,0.026441518470661493
ck_98e337806104dd88,0.003911222397355314
ck_66eb09be007f0755,0.025634793457204014
ck_3ec9b9d8dd7be11c,0.008275345734723404
ck_8b8b9de339d75d0b,0.03900913861075407
ck_6715139e240007d9,0.0077807118287115075
ck_a0255ab46e122d2f,0.028217997302361464
ck_66e81a4190c33510,0.01215034751418502
ck_5d75ea4f5c9080bc,0.10888731839984472
ck_df69858b8a8b3165,0.005164514230833031
ck_e15252ebd7553422,0.0024110935700757345
ck_34d6d74bb3ed11e5,0.00793848750077493
ck_c2608f78f6851d10,0.007838533296988333
ck_bb99071e8f58c8a4,0.00546515269871877
ck_06010f0df5b7cef8,0.0020208591058463966
ck_8c582eb0f6c0148c,0.001202041747457888
ck_0034d010d28aea78,0.0074225916425533734
ck_01c1f06692566ca1,0.020746377036503158
ck_4807726e797fb893,0.0077235858585823925
ck_edc9668282e3c8cb,0.030775759091182422
ck_5486768475af7bb5,0.37483802040975533
ck_3fb9813849e51837,0.07630601461739664
ck_861af5a9a9a6d619,0.04203446360960794
ck_da39653add0f1109,0.007421873375597224
ck_74a4244eb1f162e4,0.0021876153418314425
ck_9a930faade55b8ea,0.02478227597177204
ck_fb6e06ca88519dcd,0.062262693746553986
ck_9776cd8263a9f415,0.011855281556327642
ck_b3dd1198ac5aea73,0.012319094560155066
ck_b6675a04df1a4276,0.02670257507949849
ck_5c7ad6e731b69333,0.09256889793887181
ck_28dc0fdbaec00580,0.09460179468064225
ck_8e7a32f7e3905f4e,0.014427014606551604
ck_8563fed6674afc77,0.012890536190535687
ck_9a2fcccb82da663e,0.025588547597818867
ck_6a519bdac0d94527,0.007191431425542183
ck_a0dab7aa9c4a39a9,0.03327120256156338
ck_a3ce05e9e5e32142,0.019957959635722965
ck_7a7e40ee3f97c035,0.012271138832619781
ck_9e9a830785112a73,0.0332600676162347
ck_ab1bb02f6b189304,0.5866905648818571
ck_7b8cb0f90fbdc8c6,0.008039539042810755
ck_b138fc249e659e60,0.004760899159988015
ck_e73caa3771ec5e0f,0.008517814357991565
ck_18a55b06ccccd88b,0.03792705539139538
ck_fdcb1d9265d8fec1,0.014696126331048174
ck_e21a900556b382ad,0.015644674112435464
ck_c6bf67470f526771,0.011643250948286926
ck_b568ba3837afb39a,0.026373561431773423
ck_a2858979dd5645ef,0.001919395015514765
ck_1da9d40837ebaa57,0.0656006152333843
ck_9341c7959543c542,0.0015442613981156879
ck_c8ad86806b9a2369,0.03146447160881471
ck_5c85d93ecfed4b0e,0.007798125638920985
ck_f07b09879d697b82,0.013158921749803132
ck_fe43da07608b1749,0.03134225698130162
ck_4bca22b5926b9c28,0.01119957208871589
ck_aba573aa942b1d41,0.00432230462673034
ck_57c14e32fa4683bf,0.007531949954746528
ck_891530b489ce402b,0.010875462524854829
ck_5e74fdadb93ff293,0.046684106467251796
ck_14436a409ebcc90f,0.014755799047010068
ck_00013fdfa0bd37dd,0.00462689822314645
ck_7dbe24ba01316775,0.035762244033935776
ck_0e3f80c1553c591b,0.01673143156389264
ck_3edc45db58760d76,0.005843681325183446
ck_29076a13f539187a,0.23012412667042817
ck_b1e81b58b9a545ce,0.018751141810464327
ck_3f8571d4f7420b2a,0.22034729298711153
ck_7dff6abe4bd644dd,0.19500533237559423
ck_2884bab237af16b7,0.018473980195150307
ck_231e6dd1fe708000,0.005462469949403163
ck_33ecaa7b892e73df,0.007416246936795078
ck_b109ec4c63503030,0.0034832869424494066
ck_a7f522382509cef1,0.007750795191912546
ck_748b3ea941d8b3b9,0.021394765244849564
ck_29f3a1737a2d9634,0.020472988475143547
ck_cee8d42475a0f020,0.026865007468544266
ck_c6b6ebe145a8ffab,0.0046819591452979745
ck_21c99e1d6b881894,0.0063546226897619055
ck_5ad798286384484e,0.010971506078647856
ck_b621b6ffcc7f4848,0.003637006184413632
ck_ea819e337233475c,0.01489238960590533
ck_9e3896c2668ce06b,0.025463861614079937
ck_501dcf1ead036d2b,0.08934563126888555
ck_8d5eda29a2cffa3c,0.11082370061956005
ck_4d3aa36ff83f1132,0.02570302653251459
ck_8e9faf94e3e6c757,0.011174059772076344
ck_ce0ec41f96951048,0.007798965744885207
ck_f09165d73ee903b1,0.00723013646883922
ck_a432b1bf1d3b3d5e,0.14530252244432615
ck_ea618f720ff0b4b0,0.024556355308023248
ck_7584e7bd755cb28a,0.013467572404317441
ck_e14681aad43e1a72,0.01700069057382048
ck_5e18870d8e30e379,0.046745969608297556
ck_ff7c26a62bda8089,0.0013726457078887084
ck_cc5a35175d381d5a,0.014405846738918588
ck_3c25029e40aa8a84,0.004518025615778853
ck_771247b5bc16c12a,0.008103346869482402
ck_664b5e02759f985a,0.003930178472984626
ck_692a9e8f504b9762,0.0014998744575998196
ck_df8ad2deb0a4ffed,0.01271938107287383
ck_eb48c0bcd12ea654,0.0833920274057368
ck_7c77e597c951cdad,0.045552694103077156
ck_4f75144c6f3b13ad,0.018966748999486506
ck_1bcff399166d7c43,0.007392201629925992
ck_975c2aa3d4a8c51a,0.02329049272632902
ck_bc6f07b06aaa4ce3,0.033143011707507504
ck_80b072b7f3c7e8e5,0.0064748892112893456
ck_471e4018a23b4e56,0.011259591029715554
ck_53cddfba570b4a3b,0.007629086897713671
ck_630530e50764f229,0.0033893051713449534
ck_dcef7887a4f1e435,0.008001881445506768
ck_2795921a055643f6,0.026372762976299036
ck_7456df89f3792235,0.007534302311065625
ck_5014a3b07e1f049f,0.2520437843574472
ck_d4ec44760cbe03f4,0.013651787962772815
ck_96810ad39d4cb7b0,0.01385630234802983
ck_3222ea25aa29bfa6,0.008350964512802058
ck_f6c42001b84a10cb,0.07702021990510029
ck_5ac86682385c86b8,0.0035538537811775545
ck_4280c33af57eb4f4,0.008399935906724429
ck_05f79ddd8eefaa56,0.011418133921272956
ck_3a57a13ce032a6fe,0.004396092162550675
ck_a721f0d635fad68a,0.014253304130979343
ck_a3f821bdf408c326,0.0055776446190604735
ck_0ada63008be5685a,0.04409710412004841
ck_8c949bdc6e8720fa,0.04190273590873902
ck_c0d2c56f9c722e99,0.973408573661385
ck_5d2b9e6e087b8dfc,0.9792795405542905
ck_5217b55593a332ca,0.03297863600739555
ck_7a7bb9be5a7e48ad,0.054340031460097984
ck_24cd0d779e866287,0.014719331269885477
ck_7367917891a63771,0.01362883558232141
ck_4b31a8862a857e6e,0.4304109652632428
ck_81429c4910ca46cd,0.002526287590498323
ck_b35d803568f82d9a,0.029195295911943284
ck_4b00e75c2d2d0522,0.0019860087923801984
ck_77fced07f6dff42b,0.0067802639256204795
ck_3c9a06eb07c300e4,0.007992525739012322
ck_b3867f7f494db64c,0.001418094198673021
ck_0c45e54897ab34e2,0.026795186843717483
ck_507a6a580ab55c76,0.034312343753335826
ck_291bffc7809f896a,0.005912229521228274
ck_3753cc5b9d02e2fd,0.0024762660708201266
ck_4f63d5245b3ac1dd,0.019914055386724736
ck_9dfb2ae78659240a,0.0850400132071873
ck_90f6f5ced708aa75,0.0018066141291492536
ck_8b5b5a6b5539e39b,0.9270031767106496
ck_4719112b55d20161,0.013842234382965004
ck_fec888a7108ca52d,0.9904794195226322
ck_4f5d022c99f118b7,0.032058077799601535
ck_e967ff05514b697b,0.09253711071945085
ck_839ce35819bfa4fc,0.0035371427628801376
ck_bdee1221b9addff8,0.003098232999971175
ck_9cde4036d0914427,0.023940564056032954
ck_5ac959cbcc5e98f3,0.0015531029133711437
ck_619842688294dabc,0.004228239532357318
ck_7373d7b04c7799bd,0.03898172613768051
ck_c1dd3feb9a0b6471,0.014575970848633485
ck_0324a4812ec319c6,0.01593090895109933
ck_7f3685aa2933b251,0.03841921127840249
ck_06aee5a62a67a84c,0.05855680353677553
ck_3428910b44b9d08f,0.015869245822054193
ck_c3ba7534cefc1de8,0.0024529839003639667
ck_1f1273a67cbad5e5,0.49695295732353034
ck_124565a11b2f8bb8,0.03456973912139854
ck_38e46bc861e0165b,0.006432078113781664
ck_c8ad3f01319c065e,0.02509709508220949
ck_3f94a34f5038f7c1,0.28627121771682307
ck_cee56be5a502fbd1,0.11542635179895964
ck_2b90b76cf4d162f9,0.005164514230833031
ck_884b2e463ff1d54f,0.003091091582948936
ck_fab4f2f8531b4827,0.035444047002165066
ck_4fc6256e0e60a926,0.010831918664105556
ck_0a2f8b2f8a5b6f02,0.005117262233451341
ck_9c0deab8a8367c5e,0.007911573835613347
ck_d3a2a4c011fa2554,0.009546165088416107
ck_4108b4038f762817,0.0030777667571700498
ck_4df036e2aa7e1056,0.02214212227270015
ck_ec094eb1cbb3efc5,0.00938374205623343
ck_09f8f51bfd2492c6,0.0006558842181241923
ck_b60fb9a10d6f4489,0.03894010633759238
ck_3638bc3388dbc1bc,0.20863614873360203
ck_7a58e0cc9943c39a,0.009892605555255132
ck_37dab6a0a536ed49,0.05698308665529488
ck_adc576690df5b33b,0.0051707496183851535
ck_1383b2b1875000f2,0.006355760967396797
ck_43c1248db37a2eb0,0.01246652141919294
ck_29c11bd68858e923,0.007631035919613973
ck_9401f9e11f65337d,0.012145963082354114
ck_ce5ed372b1a2ed6b,0.012599076691544432
ck_08b4619490e751a8,0.8553263007721456
ck_44b9125526acb05d,0.007993333817274028
ck_ef1a1de20d2124cb,0.05421303665875729
ck_e5e2624b7fc89774,0.01608339650544959
ck_f5100511609b92c0,0.0008172901392855202
ck_64f3bb17101b7c42,0.006243777763723831
ck_ea1e5b5128ecba2c,0.0027304227892191108
ck_516163fcf04d5e77,0.007776282874242974
ck_7f9a748110d70005,0.02746201733382952
ck_d263b55f0a681cce,0.014501812620232602
ck_0e962eacf98a813e,0.0040166795379091395
ck_0406931800e0e2e6,0.0071796804326259706
ck_0e9b982afc88a3a9,0.9792763093366362
ck_8bbb625384edebd7,0.011852899988895655
ck_5eaeb87bf6207406,0.3963298654670315
ck_cc3318839c4b0745,0.007342783700942046
ck_08a0355d1f1890ef,0.004140033859726064
ck_af7ffd1a822460d3,0.20200770726286793
ck_2a09c7aa870edb6b,0.00312336173062907
ck_bc04f51c23290bcc,0.005568099743617697
ck_d3a8333cb389f4c6,0.009803151931884963
ck_88e3dd3039508332,0.03724800365473238
ck_b8c7771de9b57705,0.027758125265420215
ck_585ababa02383b50,0.0023232090129474293
ck_e988c108754cee9c,0.0033339522500690564
ck_4a691892d9d6cf89,0.01639897012502183
ck_7cdce37d895eefb8,0.0146344603702357
ck_483fb981a1fb4317,0.006362802380250024
ck_c1e5182bd99e0e35,0.11992106719289919
ck_9a1e3ec9a1839939,0.0103881584472167
ck_5c3f13de0dbd5086,0.01627465745759551
ck_f4f6f0caaab70040,0.007682275430546805
ck_791be3378dd7d64c,0.0038738442495519208
ck_956dd784525f5886,0.006820391023911446
ck_098167eaf124c279,0.021241405860125778
ck_33ecff7914349ebc,0.011690186526159324
ck_e05d44e46c7174e6,0.015344117713375651
ck_1b2ce474fa6582b4,0.041548877827367534
ck_ab581082e8f72e3d,0.0037463130465071283
ck_e63256667aa19070,0.024407600320618065
ck_f568772b6cb3febe,0.012780477630156389
ck_dd89a282375bbab6,0.06816858042136126
ck_a39d0bca345b492d,0.013851282252671623
ck_d12d2924d0f7a64a,0.003664545913095551
ck_6a548da1728b5823,0.9297262270743405
ck_6d64193681d2a94f,0.007512775381119002
ck_ced6b6dcdc7c201a,0.0037677468490279194
ck_d1b0699d26282871,0.024744125711564976
ck_58f757e40a9b8877,0.021796207961257662
ck_3272c2c4a37d5220,0.44887319824241
ck_d94dfde9e03c9d1a,0.06062010520564838
ck_08a6d4903a7fbaca,0.009998302526032298
ck_6c72a36b05fa0f4c,0.030457450148552
ck_dbb4bd4eda97255d,0.007705053347749063
ck_94b59bbc824b307a,0.0019319285422394515
ck_0229a07185f15469,0.03125530304002828
ck_11bf1039f8b3025b,0.023209043366487797
ck_36789ca11459131e,0.0032869381596206788
ck_8572c5f5c1447c62,0.027584240334053503
ck_9e75c6641939f4fc,0.0401538973196869
ck_b45e47c39d4dc7bf,0.02133806643885453
ck_02903c48b6cfd65d,0.03236944247038253
ck_b153386f1729de81,0.0028713451699807174
ck_36979996f33498f7,0.1347642487517488
ck_3c02d4dbbf6716b6,0.006683107240071401
ck_66c9a19963957531,0.01858098068891948
ck_bae8dae7cfd8baba,0.0035672070955262564
ck_bba0ccc6cd968680,0.1492277193963816
ck_3267fe3aac05c71e,0.007533807035645768
ck_40052cac10562cde,0.006205967412322627
ck_d973444855403e2a,0.005890352721215408
ck_012519bb095ad36b,0.9836566430881633
ck_ad7c256ea10c4a00,0.15364998706299354
ck_70a60e095e9b706f,0.0011451274786906298
ck_f2734417c0db4ee3,0.013439243477341987
ck_9cb89cc3178e0172,0.0047254999421821944
ck_779cc0f2de4d5488,0.08852456920402246
ck_35f8656bf93e3b3d,0.004480319606267575
ck_bdd8eba728800e29,0.0032583532891017524
ck_002cf760d173f0f8,0.0027367547606915667
ck_b046067c6ca3831e,0.0028085058038937044
ck_a4a42d4bff8af645,0.0231764024943337
ck_bce253d2396681a1,0.007864820533374341
ck_00dafc060c8de32a,0.005625177271158805
ck_968a99e097ee78c9,0.0936451851043184
ck_66949171b387bb93,0.016810420997398903
ck_ad305286702b1958,0.030215318497497836
ck_4732da7e0d2dfc7c,0.005519725345870038
ck_17a95bba77217d85,0.025967264665654344
ck_3e2516a3e35067e0,0.015447360452374444
ck_0b615ed566da1f58,0.014416380946065002
ck_d2b3ce1ebabe9f93,0.03474979759519124
ck_a892252e4e0c2828,0.009967205895498826
ck_cf606fd6ebfdf9bc,0.00335202639264492
ck_718865237134ebe8,0.02264058584848005
ck_878522cb775b904c,0.037514021488820555
ck_9ed53de6ef779ae0,0.01135735033572946
ck_3f16e2cd7e6874cc,0.024506875200725173
ck_3c59df37895ead2d,0.002526287590498323
ck_6821459b626d492c,0.004042504249494344
ck_11c7667920541587,0.0022439482352096646
ck_23a016cf6b98d89c,0.025967264665654344
ck_7137eeb394d200f1,0.03260040993288817
ck_9c4886c5c90ddbdc,0.01034389190505839
ck_1422a7bf7756294d,0.9981529424727272
ck_7ebc5fa7f0d3b8f2,0.00629752563732245
ck_fcc2059a8d5c41fa,0.044724756798737775
ck_00ff7389d6a83e29,0.02541777840493904
ck_03129b41457795d2,0.023072261188155953
ck_38ba64efa7c38250,0.0020445112745310742
ck_57a6b56b09bff24e,0.017412605004470415
ck_e3b3c5a80a567418,0.005882629871713024
ck_fc40a16adfced018,0.0183641530150037
ck_9d4b5e6b43bad4d8,0.035030731764203994
ck_61129937ee466b49,0.027495068168944356
ck_74112e47b8629c2a,0.15491081601855827
ck_b4703ee97f94d7fb,0.00660491377798607
ck_e560f720a988d8a2,0.009871848450887117
ck_708fea345f68037e,0.0020190562856175764
ck_25394c1b83e0b803,0.016630116427968765
ck_17ab24fe914ae44b,0.0069281424439893895
ck_16c501470d9bb006,0.002459077957000923
ck_628f449e248c19b7,0.028031755489996354
ck_6d64190623dea714,0.009873723738310247
ck_504a45ee08db72b6,0.008769671785863128
ck_6cbb011e0c70bc7c,0.0036018362816124454
ck_b3225a98acd04f83,0.005279213432073675
ck_aa37993f1c17cd1e,0.014736733716517953
ck_558cfe5f77a55a9d,0.009847650742116661
ck_0d0a1a021efea5b6,0.005843681325183446
ck_daf7aea023b7a8f6,0.002637504562023881
ck_d75f25184ece2b51,0.0077427143283827545
ck_466d4b5366c50b98,0.01093552500605149
ck_88f27ab479063852,0.029219678580439598
ck_66779098e78c1760,0.020709802216166043
ck_b150fe4efb449b05,0.007491005240935859
ck_9c3aa9f23d01fa1c,0.032416598528753206
ck_6a01c375fc26705a,0.0033402634390005304
ck_002eb6552b504ea1,0.03571837296480414
ck_affa5aa0bff9bb0c,0.02076065793326313
ck_027614eeba8b1a4b,0.010899611548343834
ck_67e075c982add719,0.008835736211130915
ck_399b0d510be98bd2,0.010808336751137298
ck_e9b0bca7368555ef,0.0098250473087801
ck_59c29d9c57b4f994,0.05500965523272603
ck_37176850ed68831e,0.0179457954595941
ck_a0db4ccca08030c3,0.11118118552452454
ck_aa188e5c25f7f42a,0.017647712035579587
ck_7de6997178207800,0.005187285957713145
ck_c729d19053387be9,0.03444797049033165
ck_f2d3e3d90608596d,0.6102517728989767
ck_2db3fb565e0211ee,0.025123560624941196
ck_bed8a480e27e911e,0.007961377441418817
ck_d7ad9921a4d25926,0.02419476631975355
ck_2a59f23fc5194699,0.11525241857519962
ck_63601a58a6120d8a,0.005239495971604788
ck_efd7b9e22c6317d6,0.009326734228436018
ck_9ab42875a0f95b43,0.033674422042320316
ck_85cb5033fca7c846,0.010068107887037922
ck_5249b223000915ec,0.03145753979356028
ck_3efb0e9bf25612c7,0.005000964695818257
ck_678e74532ac19700,0.0652617486142956
ck_a980b296c95153f9,0.03824119670523542
ck_01ac687ce0d696a7,0.034445545346677924
ck_52e1418cf1aa9871,0.01130930342421579
ck_7d28da4f1dab09ee,0.02186930657953263
ck_010d0c2e6c1657fd,0.04717975561108654
ck_b524f7a2e752b9d0,0.004718830544409912
ck_cc447fcc24a0772b,0.018446494966462473
ck_2cb3c99845e572da,0.0027257285932126905
ck_604c710141327a81,0.003843504119301668
ck_8d5fa65717d2e0c6,0.004466697539360609
ck_31199510b40602a1,0.004950451148749856
ck_49e253ea12f4e922,0.07440788546603432
ck_780738e0d71e7e43,0.014068903254607535
ck_2cd21137a07fdd7d,0.003503870590934955
ck_5e021f2a3b66e256,0.017393455842699586
ck_efbc79246e32c66a,0.0400492572291914
ck_9951bd806c13c7fd,0.023085984991217154
ck_7a52674e2806d8f5,0.07627917924790716
ck_1a319e509f1efa1a,0.0015666613981819397
ck_c920901b9a4ba993,0.7245815542254062
ck_b71279e807d0b3a7,0.007797435471892284
ck_47e1032f490bb018,0.005180940378399693
ck_192579ecdca7ff83,0.023018100817192737
ck_b1496c474c4a3239,0.00444139290255677
ck_5e68ea2c5e893cf0,0.03323918515574499
ck_f2ecab85d4693b4e,0.0557408526937967
ck_89d7bfc81c3df597,0.023573064482853314
ck_7929284327667791,0.04470901025877152
ck_494ec63c5ce8e150,0.004993353658665384
ck_319b059bb2145586,0.027711244935309198
ck_ccb3767c239018c1,0.048111662647682664
ck_a1c7adfe26e09a8c,0.02889504225355666
ck_0e13c4f73818149b,0.015505596615033573
ck_c285a51ed6214f52,0.004856067461070066
ck_916784595f028226,0.08685897052659342
ck_6cd8e0196365c474,0.021810624452632127
ck_57b657aba4daffde,0.02509709508220949
ck_562c76a3753fc7da,0.6219848633302411
ck_66cfc1ebc9a513c8,0.007038169115978445
ck_0f38d4aed68d7d24,0.01739668528117727
ck_d8ddf5e99f7859e4,0.011677380303232182
ck_41bc3efa0fca700e,0.043732877816102675
ck_40799e129fcf42c5,0.08337944046068514
ck_786f079389126e44,0.0203969748339518
ck_bb4c6b713eb0b978,0.013610222570207744
ck_4f01f7eac0efaba5,0.008807567461838512
ck_47d29c01b20cf69f,0.002329333404526852
ck_bf15a1f8d67a30d3,0.007782366830432806
ck_bfecad7586f65e4d,0.02975556332226932
ck_fc9f16df35190eb4,0.49718044122642424
ck_c09c914e416edd08,0.04893577024255401
ck_c54c5d8e4433b0f2,0.0014648673946124696
ck_1694c28f44480e98,0.03766170237207111
ck_1dcaa3078dbb7571,0.00574049088826434
ck_af559f990c640e41,0.006008974937952775
ck_9b436162039a77d0,0.01808150068448341
ck_79d62ef181bd0cd8,0.01453998727938475
ck_23caafc2cd34242c,0.0054630281518884185
ck_ffe2aa26f597e552,0.012915946137604783
ck_e6ffd0754ac08661,0.0008431946446204102
ck_beaacb4a783db21f,0.01312951310911841
ck_9863bff41d24ce9b,0.01781784197561811
ck_323b9cc5c49f8ea0,0.01069926622774418
ck_ab3de3d3e41c2082,0.01617776234988817
ck_35c93b2924900376,0.0043766435713333655
ck_5a9d5f9901e37e31,0.03309291611040852
ck_782b0be796164335,0.01768674100297148
ck_11960b5f1c7a5e2c,0.0020794899259142215
ck_9a66cb13a9884cc2,0.0035600771291363956
ck_ba666a425930615a,0.013411493279950223
ck_40140bef4db73741,0.0035373344892314323
ck_e05e91cc180063d4,0.09171938613114747
ck_c7f6f45710bc050f,0.007064720742839724
ck_055fb9f2e1c8c934,0.026531821888488683
ck_58bb02d98e2b9cd5,0.009085837665683095
ck_d9f8efa6a7800f76,0.010634120123710717
ck_69691226c68fd50b,0.13498823351436265
ck_6f2f0396e5b1c538,0.9812663610357157
ck_78bc3f1d0f35ea6c,0.008229705152884272
ck_2d5a6b6636a2596b,0.020110516963861205
ck_7878545739af0a73,0.007638629472401212
ck_03c4fa4f3ed3512e,0.0006948152666858234
ck_1a9e51d092d62c84,0.07373114827073754
ck_9f3861940d8d873c,0.007653171794341187
ck_4684fdd61c6a0fac,0.0031550168396328247
ck_715966f86d5c913d,0.005821204827650544
ck_77f293d44b4a3d2e,0.06912080688094652
ck_24dae044dc05f849,0.007383216244399199
ck_00b9818e2064405e,0.030408003618002652
ck_c1c2cb49c3c1b0f5,0.07124549368799175
ck_bed50fc64fbbf8ec,0.01363821795280024
ck_4f6ed5ea5ab7c429,0.020965467786748442
ck_458531c22ec2f9b3,0.00819579520580119
ck_51c50c4c443df31a,0.2456199389280544
ck_732d45bd578dc39d,0.00548501744670879
ck_783fe5bc20cd02db,0.012855941177401608
ck_7f188aaa63d1d442,0.015906200684986282
ck_ef307a6aee38d1fe,0.4806757150089259
ck_e37196b20968b73c,0.025967264665654344
ck_4ef9de711c3d93b1,0.06172328078144265
ck_17946516d5df71d7,0.005018654642614296
ck_3534be0f4efd313c,0.005060573573120135
ck_29fbabf855cabdff,0.00739146124427953
ck_191673540d8486af,0.04049636384749624
ck_5f52728d777ff2c5,0.004074350525027476
ck_a045a19369016818,0.9860505012812985
ck_4eadbe7298b15e96,0.008475760910702769
ck_a3a0bd59729fe619,0.0072385762930906195
ck_a1e77090b1c6ccf4,0.00725493872885756
ck_69ab9d4784eb77bd,0.02079566636206134
ck_baa47383ffd50f04,0.011968058347665447
ck_e35b2ed08b9e55a7,0.005645450974904979
ck_b6e3af0a5119d9a0,0.018386309027602906
ck_a7c1dabf3869772f,0.023121027341048487
ck_80b8fca67a14e0be,0.04581307109028608
ck_dd9c5f0c42878e67,0.03224764796372934
ck_41ef7967faf5ce82,0.004340589210845608
ck_a93560aa348d6225,0.01362348584455747
ck_ffe91d6f0bd93fc6,0.018156287529820223
ck_fbf630c960194033,0.02848137585741553
ck_497ed60723283c0b,0.05898929458483051
ck_2a46b7ca55239413,0.0024535439930039905
ck_1a4e5ace078dd782,0.03646030222254462
ck_616cc31910f5de50,0.0023052515362829264
ck_0d65bc749eb42710,0.0038732340166384707
ck_2408db62e4395ccd,0.00161352041189483
ck_5d7721930106dce8,0.01230868168677988
ck_e8a6acea22b20312,0.07836338872780368
ck_e2f792fae128b18e,0.05006542733444642
ck_e6d3ce445b86003f,0.001733920681117811
ck_263334d722ecbc97,0.37540308714933185
ck_8c5b29f6666d4874,0.020472988475143547
ck_7ea0bf310fc20c7b,0.07420454264075751
ck_54d463f7fd89ec3d,0.047035544079085764
ck_79e45040dbdd6447,0.02187171973294137
ck_60b4d59953505682,0.4108102387414932
ck_fb00dd5021642507,0.028535575219872343
ck_f409ff994a210601,0.041969214984303664
ck_2ca0020038bfec58,0.08973778197300158
ck_adf84b9df54c3d80,0.016832361303503816
ck_942dbf632591b65d,0.020177212876205743
ck_454a7e4d859a3409,0.0011251299635427546
ck_2139062d4569aa07,0.008419410646599132
ck_e949a0f4df0b3902,0.03495473164095316
ck_bb113e3e6716ed65,0.011841733723594644
ck_6a28ea6ce69cb869,0.15433409498162093
ck_7df9910af2bba21b,0.002149597106192061
ck_78aa4b731cbfe251,0.0020506669453294523
ck_5839f5cbd8165b1e,0.006382677823866026
ck_7158ad9e58769ffa,0.07019199461922246
ck_acee218cbe61df69,0.012381541972046573
ck_f8dc8473c2772729,0.2759158093570939
ck_f34c93a8173555b1,0.016653288204042906
ck_7cf301d075e4e709,0.03484503989391665
ck_b87e88ee5512ea17,0.010983586243178873
ck_bed0c020b10afa3b,0.020169871603561523
ck_ca10102961f99eb4,0.006199132365050316
ck_393287947b5c8d79,0.005010409633120959
ck_2fe6cac002142f67,0.0030314914522996755
ck_79c7f0d29b1db1cd,0.005854335456573059
ck_c735b643d3cbf67b,0.005907381605327299
ck_ea4332c8fe48e2a3,0.0014471073464324051
ck_d39864119cdd460f,0.003662835376333312
ck_3b963d6be2773861,0.022547535943250725
ck_df39e3b8a9fd0bfd,0.0708594508297627
ck_6236a461dc0d11a3,0.019123912279665204
ck_475ebccca25e30d1,0.03523060626859925
ck_c10c8bcf5bcd516e,0.02739764620747161
ck_49ccc3716a564256,0.0004285577854472624
ck_4e4f99102f6938cf,0.0065452678718511785
ck_a97b481ade6f7972,0.004728270906213563
ck_3fa559c679751b3a,0.01655909257553255
ck_3eba1fd2c7acc4c0,0.051301695946969636
ck_18c179b4afc4fccc,0.0072887940691057215
ck_cc1c0b93d05b7d20,0.03578367695153957
ck_742f7c28ddd019e8,0.03424251057031613
ck_04470bc93b8a0d71,0.0024835499535049185
ck_6e8f8ef7a03cc6bf,0.052859739106635224
ck_eb1ddfc353b4da83,0.004510998431213857
ck_98831b57c7ca2e4f,0.000980248062596821
ck_a6c7b8d6e8596d4f,0.007057956730716606
ck_cd7d24e3b095e96e,0.16887386895061307
ck_3f5ae4673a9f858e,0.015928704320835478
ck_05f375fc8ae0afb0,0.03392426138773371
ck_1fc98436281ee39e,0.002898388620548225
ck_6c48c58678f64bae,0.007242668171945984
ck_8c95aeec6a4c75b0,0.0029428309941275646
ck_364cde38958b7af3,0.03073762090028797
ck_85bf21aa1a00452f,0.0033161711111261032
ck_796d3eaabc667c23,0.9539379581149349
ck_ac449ee0c315edde,0.0037992017878949545
ck_6f9fd15ac6b163de,0.011462139967172076
ck_4087065be2a45ad7,0.10772788239289924
ck_ecf006bbc78ee3eb,0.10538186684255711
ck_8ca808cc5a49cb5c,0.013702618030745477
ck_94b90ab8b2dfb50f,0.03297852947682638
ck_59fd11b3232de9dc,0.8373751043942832
ck_67f3794d93e2dd67,0.03412130624639352
ck_b7f5acf5df1bb13e,0.0038706305704377074
ck_fb04ecbaebb774bd,0.020214166829660297
ck_68ef3e7301c621b7,0.03317804419606669
ck_41406cfa209b6bda,0.003759328433719517
ck_b0f8f5408662337b,0.0032347090691745737
ck_0d2901bfe585c391,0.11619157187937057
ck_3398551e81dbf3db,0.04936331079232943
ck_61c3e3e277629646,0.005110914457136265
ck_2825e34dd3e7ea2a,0.0026878094457641727
ck_20d7571ba830009d,0.03013688146717528
ck_c98b16f9a72a6568,0.003047399628629672
ck_e7c8a9e4641eb9ed,0.002664849570234339
ck_254a7c97c36dab8d,0.008580213331714635
ck_e98429675b46272b,0.001753154935456942
ck_c2fc0ac460786d02,0.03126094123734466
ck_fba15647b3a140d9,0.010131412561129016
ck_15ce50f2704227be,0.013973401798661729
ck_8c748aaa4a4554f9,0.023285564550426786
ck_e00e82a9419ff086,0.02065029764672554
ck_832341c98254bd84,0.015308693773538617
ck_27466468d06db4eb,0.0454260488818501
ck_9d7b9e3ff1f3e71e,0.004765923760783284
ck_42c6973d3a6fe983,0.008541474241872701
ck_877c85bad118bc62,0.017759354678262014
ck_75d2a2715259c4d7,0.034445485985787366
ck_37d3e5c681a2214d,0.22140453047947795
ck_bf285dd49f372de4,0.00606344776052395
ck_a5bdd026fa9c50fd,0.007914563268590202
ck_88d9244a9cf7a77e,0.2149463044238346
ck_5881b174e49b04ee,0.006231728098466793
ck_5b16d67c5ea89930,0.007933386787968452
ck_b75b936aafac56b9,0.010836602340755227
ck_aed2681e1646a0df,0.05135786727008637
ck_f63cb5e8cc702bad,0.032379179574531264
ck_1805fcfc4a9e4ffa,0.5579599743369913
ck_25c355da356c730d,0.01801456316827764
ck_70396398e4a96449,0.00714788651467682
ck_0f743bd13373748e,0.05348793613264294
ck_4b387765f0e916cd,0.0026315990480287664
ck_e971faae8a10a260,0.015430558698270057
ck_9eb08369e983abfa,0.0025726118324136495
ck_c30c5844512e429f,0.026896379127673713
ck_59e77e3a81f1fa0d,0.007495658177479321
ck_ca4465f2b5c1a52e,0.8077454226571666
ck_c89b9ca398402f1e,0.0031016755128930092
ck_36e72ef9273e7a95,0.006622719206686723
ck_2bdd8616870e5e1c,0.0014668227004277557
ck_216e87a41de22b5d,0.11467944222626592
ck_60f4fb44f5efe3a0,0.010033648779875334
ck_05652e8ace6ce6cb,0.007167970515516267
ck_8c136dc691e65695,0.0010818858349352944
ck_a08f8dfadbdca112,0.003969887694795707
ck_bda4041a3e90d860,0.0034632039693641556
ck_15dd3ecaa8ce0245,0.33111021294102205
ck_3e3c64b3b7876ce6,0.03745844362778865
ck_46225858a38b2e57,0.007539404098606607
ck_0cb9f54928f4feee,0.017341938976410207
ck_152671fbf8a9a78e,0.04919391833669337
ck_ee7a515e87d17d4e,0.0250190450013377
ck_f7276091bf513d22,0.0007984693341809396
ck_4f05daf1cf0d5755,0.0054913551890537066
ck_83a69c4a5d55ef19,0.009603310825637994
ck_c50fed2a7c9198c0,0.005855368391465395
ck_70d19d5650ddc8f5,0.031423759277199426
ck_4b4d99e443618904,0.010149211605618566
ck_dca0b6ca93311ca2,0.08752013576528891
ck_b7431d4706461ec6,0.00839810431796153
ck_7b59d22cadef3b05,0.05069352686923472
ck_53428573abcd606f,0.010366292313815287
ck_f538ab6aecf2adfd,0.002695185034073296
ck_d321249fb065d2fa,0.028201508793113884
ck_72fdfc7e6d8e1436,0.011449821486322684
ck_b52b99dad89ecdfb,0.03521679633672269
ck_d2d4282f9d256b3e,0.01838066860493837
ck_c8f2a1dd8a6141a4,0.005104523825263214
ck_8d38747058d0aeea,0.37061015485554855
ck_3ac528caac74f563,0.006127954905236252
ck_8dbaaa00ad829ca9,0.0019362859851967738
ck_7c38ec898f0fc21d,0.026645649046237202
ck_8171ef803f5ff604,0.018395190166437078
ck_01a750db6fc1168a,0.044089751713059934
ck_ceb017baa26e98c8,0.054514466065659926
ck_e2c66c72cc0b0f78,0.00801829125766024
ck_8d9518f64b222416,0.025411282795100524
ck_804c5a1fa5753617,0.043880007785668466
ck_fca7cc9c42695453,0.006260467933173783
ck_3a632cdf2c19051b,0.037206371826481524
ck_b2b63ea65edf1dde,0.016555805234032113
ck_27b07021500ee841,0.05629340392508914
ck_9724718fe64c6557,0.9813545797254126
ck_2786cbc3e75ec034,0.03476701941244412
ck_d9c2622cb6df380b,0.015505507126144532
ck_ae1da8ee98e402a4,0.01637458050865709
ck_62967b91504149f9,0.035328977781557296
ck_6b255bf68709109a,0.06460436382402165
ck_c55afc68421d85e2,0.003312093999029113
ck_7c7266f6ef2a8466,0.023544677334842806
ck_885cf685a9541190,0.6659843134360066
ck_1a4bb7d3d2ee3227,0.001325963005440888
ck_b4911c42f3bff740,0.0012750889631419709
ck_66f9f78d4c6a3edb,0.020828055458390195
ck_49bdba9ee1899dfe,0.0041938167063911985
ck_79b235d51718435d,0.01774641492492945
ck_d840db8cfe2ef6f1,0.0061346913522737564
ck_610c7bcc1cd7ecb0,0.02149387857782717
ck_cf49b6544aff6c50,0.2725103153809413
ck_de05f97c3d40dd1b,0.006360772279802981
ck_0302f67d75973dce,0.011237816762476014
ck_54c2604c9ca6256b,0.022888828771349127
ck_a1c88c0568f142d0,0.0065577805018380625
ck_5d72ff6cc2963d1a,0.02470526810710732
ck_0446920a1004c596,0.005124064116561565
ck_71044c29ef071570,0.010890188891666838
ck_2122e9bb1afffef7,0.008122079903239732
ck_d1e3de178601d3c2,0.007595664322119569
ck_bec8324a3587ef04,0.004878799068234244
ck_b616b6f45225f319,0.009748126500040585
ck_ce1e695884511479,0.01747605332117973
ck_a662b4bf900781e4,0.0012811581080569886
ck_b5a84c5547378c10,0.002347598743541443
ck_f80af368cfc6cb7e,0.024154288798383897
ck_da3526ab6c5c884a,0.04904120862672178
ck_bd20be9a3392d79b,0.0026530403329135415
ck_b8266dcd90cbfa62,0.002526287590498323
ck_ac84b33304362c06,0.008671747523454329
ck_794d8935a895e33f,0.04234467592033094
ck_8fea7d915259f1be,0.014693556144220738
ck_7a1519ad5ff45312,0.0006846756704363537
ck_9bf3ce30b65f75c7,0.01650068806974298
ck_5f864d72d1eead99,0.05908158713189473
ck_3c48e0cfc2a58041,0.10267687569924902
ck_d902183f80cc81fa,0.04255161558007489
ck_539cb0d117db8cd3,0.10917319757495007
ck_28f530aec8e77130,0.02563215338365044
ck_e7d903c50d353361,0.01024099332838077
ck_d288b77d1e227970,0.009531035052612477
ck_017208fcc01b5d40,0.011664839352627562
ck_7e3923d278a5106e,0.10072080746534925
ck_9700a00ff9e66216,0.01286241104097437
ck_5c36c78b7a4d138c,0.020484411116279647
ck_c457e9c9224b773d,0.002096450702838661
ck_1dfa91405d7e66bc,0.01059237767851934
ck_f1d8a2695a575e56,0.021345788810904816
ck_3b92a46daf8d00d2,0.01274130476470751
ck_aab23b5470469649,0.008122552434082553
ck_ecdd01a391610d99,0.00904267701126225
ck_abd3aa292f8edb4d,0.011040092018825996
ck_7fc9a0776e1339e3,0.002636946869936382
ck_c0389ebeb0e65cb8,0.0025556087695014847
ck_48d0fc4f6a2109fa,0.9864855687648805
ck_571dee4f3336c7ce,0.011476428830378279
ck_4cedf26628c84f26,0.0206140998563649
ck_63356762d24aab81,0.03257183316800161
ck_2c5bc11bb7ae5d2c,0.771672620902559
ck_6d26a152f900fee8,0.014440666211765065
ck_c972b0e781efed3b,0.012923581942691036
ck_fa0ecbcf9a33d6ce,0.009954015314410395
ck_fa3a766e49dc77ae,0.005354848751641059
ck_7baf1e55db0dc558,0.006093255384760549
ck_e8bc49e6494c1f37,0.009284748186708464
ck_8ef1d05cc1e53e7e,0.009729932250744608
ck_cef2a485a77e0723,0.008175454072573075
ck_228a583f23abff48,0.008501440446985607
ck_ac32c6e374782b27,0.01772950468633797
ck_b9485218cef413f0,0.0044971139771186565
ck_7f15503048915d6f,0.00930610746438153
ck_b62f5144db15ad34,0.012431796990889296
ck_917d82c552f95a23,0.00848408726298628
ck_fb4797045077bc6d,0.006976458687248957
ck_2cf8a44e041217de,0.06790245010958001
ck_b7dd681eb3d2ee38,0.0034571883994720834
ck_e9e8cacd2fa35e79,0.0075139763879271135
ck_342a79f91de5d1fa,0.02227369254672165
ck_2c91f62c05685ed7,0.00871890314272645
ck_e30cb64302939f38,0.08622245697405874
ck_d0e95b90ba86da10,0.013086985276865908
ck_1774faf414a5d49d,0.4151375623880187
ck_2401e8ff89e574fd,0.37196237028405
ck_0cd8802264e0a1ef,0.05249740103860863
ck_da84a0dfe947fd3c,0.005453839699505912
ck_c8affb27ba7fb5db,0.014778079465986155
ck_bc7ece8787ca7200,0.007956597828486352
ck_469a0578d05990c2,0.001753154935456942
ck_eef67f8dea702338,0.02332657839212451
ck_4f490e379e9ded9a,0.0028895790400735983
ck_354379de065a8ff8,0.0021661077290298916
ck_5db1cb368bc41ac3,0.003268244056401329
ck_9b1c3742dd6fcb8b,0.011375770490409113
ck_63ce4f44c92d7143,0.020641445815721474
ck_e15e3390f5ed45f3,0.010593314159453988
ck_da645ea91d66aa6f,0.38217598002654624
ck_834ca727df855f07,0.02699392384191588
ck_e1d5ad20c737c745,0.03682210893781262
ck_ff8059ae5fa5f1ee,0.004617141082696827
ck_8bb9e75393954a1f,0.002639665322820161
ck_4e1757d1347ab387,0.9582639664761731
ck_af3f74b1d75a5d95,0.0059552865529807816
ck_6b1ab0742ff04c3e,0.024399082055148326
ck_f56073911c9f1ab7,0.019712474630729088
ck_51bd5f69b4fe0b92,0.3188925589525898
ck_fc3d95030b81f416,0.0017930193922862374
ck_cf78169633a1600f,0.004298355868026022
ck_ad7269eaa65c67f9,0.01107943909029439
ck_cc6d33890d47a6cf,0.016258345608237555
ck_bc8f31f4a2ffa1ae,0.002321884830958897
ck_720776a46e56dfa8,0.00649598709038637
ck_e2d1f212f259539b,0.019698642306945506
ck_eaf6f7082c3db2bf,0.01104085956296183
ck_773efe58c6278c3c,0.0722171640525173
ck_c4a72c09f2fdacc4,0.004821497059819248
ck_8982888dd6611143,0.0066930778622661495
ck_9d5049e195eda029,0.024710871607739205
ck_de58ef6f9fe2b546,0.01450051801926709
ck_c0b50c11e4f5adf7,0.05267376624810268
ck_ddaf228487858bb8,0.03854236184276298
ck_eb2323215ff70362,0.006147311192277247
ck_168c96a1a636ea15,0.016166882323509053
ck_9c46711b14d9eebc,0.006116427434296001
ck_de8af660806b97b5,0.0028530202766412533
ck_6ab83f45bf16eaa6,0.027115836192564417
ck_bf2228a052815840,0.013361061325166046
ck_3f943f20a9da9bff,0.011396271575376168
ck_3baae40454c00938,0.007877330972298171
ck_bc2e771a1d8d2dee,0.07141612799933589
ck_e55f5ca37f30ce8c,0.004100384048659314
ck_4ad5937bef176d89,0.006181178134787885
ck_126531a9126c17c4,0.012881392041687168
ck_7ec423cb56257516,0.03417683203879868
ck_54748ae0f2daaf10,0.001614016706732909
ck_ff24776280ceeeed,0.023555364473063854
ck_3c3a1a1365741bba,0.01743484495834139
ck_615277c8a4e2b18b,0.002791764496221171
ck_a96aaef34173aee6,0.03672801923841138
ck_bea56db7f3e930e8,0.006013025322096253
ck_ca491debd3b32a59,0.02617184755874078
ck_d9ea77f4114a389c,0.0375238487086436
ck_322ffda3332d08a2,0.018034720068433333
ck_c40ffefe4e30b001,0.026885253391273664
ck_3b1d7648d4580bef,0.04266164265706618
ck_23981a3261674131,0.006974870365401034
ck_11667f5b9fac7bc7,0.006448854525810752
ck_646bb3c7be5f0817,0.03687279025573149
ck_ebd0a45712dcf07a,0.005438935336736609
ck_baf43bf1bd963f9f,0.009704800441448043
ck_e0ca2c819658f6b6,0.988216612601832
ck_f0d6633d0834fff5,0.057491405552197575
ck_91081be0254878a5,0.062238152167723104
ck_1325000bc7f35b5e,0.013935060150078232
ck_c624b9063400fa3a,0.10177334703577204
ck_0ad6fa0e23c3bd0a,0.03257833412641589
ck_6ddb55b1f23c6cb1,0.01175745273796796
ck_dce1fb3acd65562f,0.004939762461267075
ck_a9aa389688ee5aea,0.010433651969027818
ck_5c5284c45d9ad8bf,0.02399663114999012
ck_9ce743dd3e92549c,0.020313204692373788
ck_8342e08cc2f9bcb7,0.002667356116445145
ck_25e551a0a8d2fcc2,0.03696349018512836
ck_d4fd0e438c97e0c7,0.04044987333151438
ck_ac7fe1c344190c50,0.01110593053244844
ck_ddd65711b5651f89,0.002422215957367888
ck_ec7406cb5cbc8f10,0.01898403224358527
ck_1c65e8d5be3b9c60,0.08355767727242676
ck_38ee42f15a573e81,0.0022382128709351103
ck_0e5385c70c6de025,0.030707144683382724
ck_d3137f0f7629040b,0.0038170363802966277
ck_9129c92c12e0c8b4,0.00680855393629137
ck_c86520a00e50a926,0.01953927042102582
ck_87f82b2b5fee757a,0.014496059987323683
ck_643abfbd7548d0c9,0.02999901071020017
ck_be51f4e5e6b85768,0.1050226653654318
ck_132c16312f37810f,0.01602669266948254
ck_c78c096ca8cb33ac,0.0035764469736436844
ck_2ce5afbc014763b8,0.013426765756947033
ck_50ed8f4e7ae6710f,0.01743299448884433
ck_5a4eb535c9a11993,0.012402221490469873
ck_9b665ef46d785324,0.006260946325746556
ck_e066f71f8b296b7a,0.006801989977093775
ck_560bc6017870ab06,0.008347351995723543
ck_fd78f8a8663646d7,0.0030346658995253034
ck_4af5ec61ddbde1a4,0.020472988475143547
ck_c2ed04a9d218410b,0.0027524350634902627
ck_2455d43bbdd2bb69,0.02384684027449728
ck_56eed7041add49a1,0.15605611385761925
ck_5f0be7b468a72333,0.002526287590498323
ck_19660cec756632ca,0.0918222352020425
ck_fb90408f4892a21f,0.01892317784462342
ck_833a65b86a5d9bda,0.000735820888793489
ck_2ac36e1dff211d38,0.01575136816971384
ck_c00e70606904539a,0.0058834049157630046
ck_ba8affe4b9505a95,0.45222113399221187
ck_0c3dd22587b08018,0.02471816834374132
ck_618c4e5cfae99dcd,0.09971908535914195
ck_c9690baddfc4177e,0.012109700631569137
ck_59fae092fb0c4aa3,0.014311260596261458
ck_e03b7d0fa0b28f4b,0.020545753097194037
ck_d451d24c780b5884,0.004335768181879615
ck_e980d325b8dbb8dd,0.0009950837312369138
ck_cff18e2d8c520272,0.009546767343621176
ck_a0e46b67e986ab56,0.004477178305504541
ck_3a469039a5b9d963,0.049205118077534894
ck_12cbb211ebd2b437,0.02097028378273522
ck_b8cdd6d6dccc4554,0.006231646929345729
ck_794ba5921cef50c9,0.02651907830084129
ck_2c7667f64edec2b5,0.006927870067705607
ck_7262b4e0c29c942d,0.006686465645748995
ck_5d818522cbfe2a54,0.06980426320268518
ck_de39c1947fb675ee,0.00877714250138564
ck_c021495606b4735e,0.07318041813676208
ck_1fc03ba33edd9e67,0.023475552335416993
ck_a6fe344bbf67f14b,0.02274486712166798
ck_963762210edc5694,0.009491319413409551
ck_d064428b7e7dc409,0.020961357713242482
ck_59be61b53d971611,0.00275601171464142
ck_ec8738ec663cd2eb,0.02597921787296805
ck_59d086fab5998646,0.007047699431667534
ck_bd32dd3b2cbb7888,0.9817693706667755
ck_ce0166addb93bbad,0.0022571671311084965
ck_7c0fdfbb447cdc04,0.03638693942533377
ck_cb1bd7635968ed8c,0.04526576221583471
ck_66f94903177f20eb,0.006235411125990641
ck_1d7cd5dcbcdafd7b,0.1908318354667679
ck_5e418a7c04437b4a,0.009344629133140435
ck_631ea1ae91ab333e,0.01616879853456925
ck_0a8029e79a5ae7ce,0.008102287886664991
ck_c4cca8278bdad9b9,0.001829065846003095
ck_4dec3df58077a257,0.004279273321100423
ck_609c249edd88c565,0.00700275358145692
ck_02e5f9cbbbf2f078,0.08438979418365873
ck_32e486859130458f,0.8841922165807303
ck_21ed2ea6386c5a07,0.008712907943355774
ck_1242aa4496576a99,0.015683342148912222
ck_475ea9aa6d3898b7,0.06184579526070002
ck_fe1b1adae3be70a6,0.3457090297278852
ck_c5414d7a8031d4f5,0.008792829232787805
ck_ca1f6f01868e978f,0.0020365842619197174
ck_5eff0208c74ec714,0.0024653742153480217
ck_a315c9619a317609,0.021787813349101556
ck_2b87683c90acb852,0.005460063499931538
ck_7cd9f39c50748ed0,0.005060573573120135
ck_16a06d58d71935bc,0.09690839787566696
ck_d116e0e7c19b878e,0.017116805592652516
ck_931510e384b1d0cb,0.020731114678111298
ck_e7651fb87bb24132,0.0022255404711469485
ck_88ef9f85948e1a01,0.017391862620032277
ck_17bf38d51115a8f3,0.011368014879868353
ck_2659d1d3762a2825,0.007942397658569666
ck_a7285955e2852686,0.01053888810344529
ck_f2c33d5b65b321db,0.030899712922442257
ck_83e5979334345622,0.12093557550616303
ck_629537d8b4d0f395,0.06756186424034635
ck_72022008a92c9386,0.026252247294201444
ck_2973b8274f0bf69b,0.04275938670122922
ck_565e3418d2f4061c,0.006504153868632032
ck_54bb53b8f8ea32ae,0.9922143851606291
ck_af0a6540ea7a36b2,0.0055862728493739884
ck_888651bfc2c8cf70,0.019579951166324112
ck_1dedcb48ac381a1c,0.103321687795641
ck_f73273e220296be8,0.030306400965908278
ck_8424bf65223a5a9e,0.004252732245726633
ck_337b930fd149a696,0.007902787294976144
ck_8a4952de8a123ef8,0.0032923978898767256
ck_884168153c9c0c81,0.0050488891855048615
ck_fdda581aec411010,0.015690177172397318
ck_2b7cadbc8b180d32,0.3249018831337733
ck_8aa8b9968233a1ab,0.006320962257488685
ck_0af18b3ce015d294,0.017343161520461493
ck_8dde670a735d1e90,0.17103932284802623
ck_62f46226f244139f,0.04061790644653544
ck_f948e8a8fdd79b4e,0.015427914119033232
ck_fa00aa0f3e859904,0.023647621550158295
ck_fc7935f784a4f249,0.07143573327413791
ck_e7501307c0698e5b,0.010235050066357176
ck_549ed417f2834cee,0.01785953762911546
ck_fb2a35571ec719d4,0.11256280729377716
ck_25822068c86c856f,0.003097859157256626
ck_8f35d229b62c8f23,0.01765745412014307
ck_bdcf049c1e7d0c95,0.00738526367290616
ck_0aa9db36eb16422a,0.0058300950518930484
ck_42dcf92e9e016922,0.011788996927554666
ck_42341cf31c08c981,0.011337783698967308
ck_0b20bfc515ba42a2,0.11553612562810313
ck_0ec820b670d48098,0.002827826311750905
ck_1f0bafec397da8e4,0.009771864789676685
ck_82f07504ab59ed33,0.05079937391516702
ck_337b24a474010abb,0.9886406182905649
ck_703703bda38fdcf8,0.007270316249518898
ck_01e7960c63dca3a4,0.7438674775614997
ck_be5bd81e3715cb8f,0.3296412564707033
ck_197f8058cea1fbea,0.0019197430000287604
ck_eb3fb1106f2f1b21,0.0400278192516099
ck_658b4b54be09a4bc,0.957706841454239
ck_266ce7ccf41ccc50,0.05542829567841814
ck_110608c3b03d4038,0.10083036370680956
ck_1be8cb95d6d9bbf8,0.0035607820570501486
ck_8e16a64a776afa82,0.12710032223319306
ck_34bd190d37eda534,0.056702927198382214
ck_4f521611ae14ae66,0.011369675325801538
ck_d839798f9520363e,0.04552985785721467
ck_d1bbfd246c0ac9d5,0.022964252315375296
ck_f19030e6e85a6776,0.035421186834180725
ck_cdabe60ab59f9d5a,0.0926108751874162
ck_bb84b2b30293f566,0.16011138054059793
ck_427b91925952cb40,0.020625870573149872
ck_1078b1e155b5b640,0.008127437968273159
ck_95fdc264eac72fa0,0.004726258228267064
ck_e35eb857c61548b2,0.15622269344913087
ck_69bd0b1abea7e1f0,0.11678623369783171
ck_59de511b20c842ba,0.021095719791242383
ck_168e7ea341a36b80,0.009233530233040719
ck_4937cfa6526ea138,0.023478574718423944
ck_bb1a981306b750ac,0.013243756418883174
ck_f42a43e4c3f34ccd,0.007677644962284616
ck_c7ae1d4b3ab38185,0.014847035206096613
ck_bd23cf9bba1dd33f,0.04930849513196393
ck_0fd826fad7ec7cd6,0.022844324541248028
ck_f143641bf3dd0414,0.013133685888801296
ck_ad6d48c20a3688a7,0.006874980791055032
ck_7bda5b5b927b2905,0.028444727238869975
ck_a337eb38eefdcc88,0.08721732798270948
ck_403da2a2d800df9f,0.022437056582808815
ck_aa01d5aafde73d0a,0.00397348227063331
ck_494954023f0eb309,0.029951593109858215
ck_1c6820fc38135ad9,0.033722764247512395
ck_0e0bab173622db9b,0.06789706275828897
ck_547090bf35a3b243,0.00819147700326785
ck_d69455220b21dc9b,0.049901629722796804
ck_90b4ac695b9c6bf7,0.02430843487035129
ck_8d2afe17c0082e6a,0.03939307045851339
ck_926b81c0ba528eee,0.0037138076803282264
ck_ce36b0c287bd198e,0.01948220035321379
ck_8026e017909aaa6c,0.03155493484042181
ck_dfba788f35d4c372,0.010605925995453198
ck_f09f9d0e0886e0c6,0.011798617672298414
ck_4ffe0366df388604,0.005683487496428539
ck_75bb521de55644c7,0.011928675314919214
ck_81a960fddf79ecf1,0.8724560353323466
ck_8f43459991ea511f,0.007238146358945728
ck_f878b68d66fbfd4b,0.010373045300595955
ck_e84abfc0c747c9dd,0.8295993162341799
ck_3ad3fd3cceb56b66,0.7491262467921059
ck_7cf562578c7f158a,0.015167185914260268
ck_f81a97d350397306,0.05626644972037947
ck_255d87b7fb40caa5,0.009758269078204684
ck_b3905153b9eee924,0.011635591390194938
ck_2c80a592fb4cd6a3,0.04608119802794295
ck_57deb202d4188a29,0.0009191638844470417
ck_e3cb5f31d8e94448,0.8672250120017199
ck_0db62d5f7f75f80f,0.02692487269303525
ck_ced9163ea85589ea,0.06162917279187297
ck_e16528edc694fb33,0.6771604060175445
ck_78cc5ec4940fec3b,0.004249870321261461
ck_31742076e9a998f8,0.024214984044723487
ck_5ac335f02280271e,0.23240968020782943
ck_7cc2e091806cfa5b,0.11041154677796618
ck_3152c7115257f084,0.009211505225095756
ck_ab1b9d019921bca7,0.05804929456187215
ck_c33a762d98f9b290,0.008358211892425362
ck_b16a7c51b6f7a6b1,0.3774073506253792
ck_97402a153348e68f,0.0010494635638340125
ck_95391029a21caa24,0.03284565463322537
ck_c2015a1200971fe9,0.014908145728254022
ck_ed4427962c68918c,0.7887443482415121
ck_c5e4a17d3efb19a4,0.04952487011310298
ck_8aec3d3dd51517c2,0.0022228125143482196
ck_f5178a658225d8e4,0.00634924905084131
ck_8594f165e95316d2,0.019134254116367835
ck_f0c4aac04076a6dc,0.011212235851007397
ck_ac2f7397801036ef,0.020282261931193295
ck_d1ea4bcc407c7d5e,0.018149689536430598
ck_cce8b6657a538fe0,0.013200871269907008
ck_66d0c6d6b67a8d58,0.003058079285075941
ck_1a6b30320835e57e,0.006216557938675635
ck_8cd274cc85aa35d1,0.02238977074956508
ck_ada46085a78280e4,0.011114062815884087
ck_ce1b06623e4a815e,0.0162729659229509
ck_45e70c8a9686580c,0.049611979628655614
ck_0084d8ab6b1044f3,0.0062406776968665775
ck_a5f7b6fed6df2aba,0.025527618885642363
ck_94940d783e7988e6,0.014342981883642305
ck_00f9ca84d1d8ae7a,0.021523134411479895
ck_0deb56f3f6452818,0.017114689209264292
ck_a58e900469dfc3f0,0.02227369254672165
ck_028c41b195280980,0.002437644281170523
ck_7661d7ceaeb19f97,0.006564078075594167
ck_6957905a65c47879,0.018367234054703488
ck_f7c6c26ef3c4ae06,0.018888808529539794
ck_8777beb11aabd66d,0.010653418849389492
ck_7db098a17374bbf8,0.43472500758089205
ck_66aeb00e44486cda,0.05649939203180773
ck_838c52cc1d315ec3,0.01204034005288519
ck_1745847cd4e5dc83,0.05321283988428884
ck_201687857ec8b3cc,0.017751414469552456
ck_81818169208a8cda,0.01964808645023991
ck_3303fd3f64632c7c,0.09192743864753404
ck_edf1096809e83ef8,0.0026957489291931304
ck_235ce9603c7dccbf,0.021817630112235763
ck_9df7e153868bca13,0.00904188261714798
ck_3cfeade2cf270fee,0.0016319576381957535
ck_982b0bf2e2b6c4f7,0.01769945337800954
ck_faeb0da678bb86c0,0.0041199027368454474
ck_e86ad2fe815b6ed9,0.012851361233129523
ck_70d69e5d1bb99e85,0.011264180709448507
ck_7e9a8924eab779e6,0.9523228115224158
ck_019d5891103e7da3,0.033531358132722414
ck_14f0484b3817eda5,0.0019808203113664893
ck_85de63d278f0fbae,0.0045511340053391615
ck_ae91b4cff57fb3bf,0.0016138775644902834
ck_2a6d43b9f883b78e,0.2575738627922996
ck_7a4e3d553e8ab5b7,0.024838050390020284
ck_fdf89dc69f700f84,0.05684072426111166
ck_f92e04024bf13558,0.0020883645339944746
ck_4a522ca2dc4831a0,0.00436787266025905
ck_68ba25dc3385fea1,0.027005368953629438
ck_22128a4f0d033422,0.05707649640962976
ck_5b52ee0a13c71590,0.04634176503819272
ck_59472d17debedafc,0.005778459911095608
ck_9dde2c63acda3ba3,0.0035447369978298124
ck_7510b1023cd08531,0.030543565513983635
ck_071ddaaf2e4e3671,0.002973600703545629
ck_1355db6f4010232a,0.010794718398697818
ck_0a7adc2f27f98510,0.019249212892850816
ck_68250033717cd59e,0.0017835293370792775
ck_7c12de74de30b788,0.11893752630860856
ck_65491367584c730c,0.024324000511537224
ck_e9047964952bee70,0.010757209102867885
ck_5567779d6ba184eb,0.03125997871573135
ck_d6ea026357ec6477,0.006525867083047268
ck_cd7dcc884e283746,0.012282168578952844
ck_0bd77fea8ed75a15,0.007247726344537027
ck_e80883208e8d0453,0.007792310813145156
ck_2ad0ecbacd5acf8e,0.5999809100921649
ck_6c1dbee7e8fdd5c8,0.009160038213182347
ck_ee4d9a7449515908,0.006105761952564006
ck_636111f7f030496c,0.011822089669577797
ck_2c629c657f73941f,0.003765682913816118
ck_c1c9d3842d758420,0.006721316866060795
ck_e4df7faacdfe8c40,0.012455438305003681
ck_94e8142728e44380,0.016436391145411833
ck_765aaf42c5088545,0.009992058675682555
ck_e0f845159b6e6a4a,0.029494982026045002
ck_5bc07deb82edbad7,0.032877835934781253
ck_713159c5c6a7a4d0,0.9902102491459452
ck_b08afc91d9ca55db,0.02509709508220949
ck_a7bc323ffed2ea97,0.18204135461187976
ck_85ca825f905a34a1,0.026200614555654082
ck_33160c443d4b3f19,0.0308643632477918
ck_832d39c590a3ca75,0.6967011377869647
ck_7d1661a34164406e,0.7643794085470991
ck_c2466fc40fc9d5ed,0.9414971642759672
ck_ed0e776c0926ce67,0.02845562051926776
ck_cdd2ebeec75bfa69,0.08582907726185361
ck_d7877684c7923ec3,0.004199616185987382
ck_7384d4d2406aabf4,0.044944627436032766
ck_b8e5244e650aa81b,0.010288552563886723
ck_25a1ea40b2d59254,0.017815678996362147
ck_b9e5b318ee4de68d,0.015236665433505776
ck_620d7ae27af83cea,0.010464194621632904
ck_40b4e264d1a12b83,0.8845298361881697
ck_b694c803b62862b3,0.00300581591699668
ck_cbeca201dbade3e5,0.0619771241969146
ck_f9b439c9161c3e52,0.012460077705034335
ck_9880410fcd10a28e,0.007386195548957228
ck_74928f5f91aa12b2,0.08865546090759069
ck_b6673bbe61d2680d,0.07181822322425854
ck_53c8315b5c30acb4,0.015113610306522423
ck_78f01d78ea79642f,0.005005599841617502
ck_8582490d6e365a63,0.02154310696879347
ck_af25c72d16299258,0.001753154935456942
ck_7905fe8e257b0449,0.0324596981340332
ck_0d16d9349e4a9e08,0.004269048914448928
ck_31b16b8848584e98,0.031215084260726896
ck_67207e3eecc02d76,0.007286827985985426
ck_e6b95ff91116a592,0.0274877031716518
ck_c08f622bcd6de6e7,0.009859414650794611
ck_f9a68da9e0f0bc85,0.015816856850472003
ck_4072b59388976896,0.004869946592954589
ck_8ec86e853ad52828,0.07391449857778992
ck_4fecb87eaffd5cb5,0.009531339813025501
ck_d6880578428b965e,0.10915861378748268
ck_bfc82b3c1c9f2897,0.36566662447310955
ck_c340644176ca03e7,0.017013925862390575
ck_321e740066fb05c3,0.11535406108178581
ck_8929d2eb09872052,0.09097411445158243
ck_205c107cec528414,0.15650348974737457
ck_e76db7d2562f9836,0.038734994757110564
ck_9ede51c8434cff6e,0.018286499612926
ck_492e4b89c61b7b6c,0.016861677263484812
ck_9385f5a1eeebefcd,0.02509709508220949
ck_ee52c7bf88f952ab,0.00463428888235528
ck_d8116c34302021d7,0.006802716748082057
ck_01645ea51972e99a,0.007175127238782261
ck_7b45ed23304a854b,0.004419472841225233
ck_2096d32f3d497ea1,0.03893616799575531
ck_dfbb2056f1ef7d3b,0.08101167818738836
ck_938ce30c864bc7df,0.0010874576916149387
ck_ff30dda2c881a4bd,0.04689764309161172
ck_f88c79186a082beb,0.02989808801657143
ck_08c7bb0f9851cb76,0.01742303265595592
ck_2675e7a008e584a7,0.0011657819475163964
ck_cbaf8a954281d4e3,0.8995960966735841
ck_8b24eadf6c72b30c,0.29426748821055504
ck_ffc8e3c1377d0706,0.02294774496003831
ck_5b59e859bed5b40e,0.014197763678122597
ck_7b61717f172f9317,0.8598644149546845
ck_e5c30947b732f661,0.016865973650760396
ck_bc273f3ce79f7e1a,0.0026942456620518934
ck_f69e93388b3028cb,0.31645912345440086
ck_3837ad850996ba60,0.015345065951602841
ck_36d78ff3bc033ee5,0.014910463965926796
ck_5e20953547ba4135,0.02949300765674153
ck_258d661e450ac870,0.01733709490462564
ck_1df66f537496ca59,0.020770119412812257
ck_361f535599110201,0.011034877949992973
ck_337e98c69f6e7886,0.004302819490718337
ck_d3d5b2717cfc3913,0.006887004470685581
ck_b1dba768dbe7affe,0.1277896369683724
ck_92d782bd9ce0d1e3,0.0072925807493866525
ck_26bd0f8898afc8ba,0.008572689390046424
ck_7916e53daab36745,0.0891594241367196
ck_2caf553b31831a50,0.0015632422230304518
ck_c6200734c7f9b2f9,0.4464085445077187
ck_cdc55623cb16e6a9,0.0008650418095279927
ck_57849e15b61c43b4,0.006999728189048762
ck_b7af9b2ee0eebbc6,0.002901922194876456
ck_00aa5fc3b3bc66aa,0.02279767120347756
ck_9929723f65636c7f,0.9407702475468044
ck_8f6cce9f69912983,0.00717827442456139
ck_c422ba389ff00781,0.003648663669134671
ck_9ec7f334604a228f,0.02505959281577328
ck_5d01200ba3341462,0.02085895741080439
ck_2bf10be403849c9a,0.004443567112660399
ck_6ca018259f70858f,0.0018879968796369992
ck_a54dc042ebb7c766,0.03479602062520144
ck_79da63fc100830b5,0.01152894707535032
ck_67ab6f9e05c85085,0.014127581136988917
ck_fa80da579ea9afc0,0.013241289532478315
ck_4339f86c87289222,0.5349647217722566
ck_a2299b4f530be0d6,0.34731299732497295
ck_19db0bf788697c2b,0.02451054074775919
ck_fa4211c4d826d830,0.004367408606283531
ck_96100d5e8e051e91,0.009797306941375834
ck_5c3a671883d58b3f,0.0009172191186985368
ck_2d9524787cfe1ab3,0.24436853420365676
ck_47ab8e51e5b3a2d8,0.00797899003842893
ck_c924f36bc1bbbaa3,0.009878508071097717
ck_5c58e7f8fd55e26c,0.0027978871393306054
ck_a07e7409d6d5aa06,0.01374238772811946
ck_c8413898f5f7cb7d,0.05504125176007668
ck_577c816b41cab002,0.38767072602824887
ck_9f7807ed64cdb728,0.10575016038383878
ck_495d814d6d6d521e,0.009002644245475387
ck_7aa8bc018c2b003b,0.0036408179657662606
ck_7c3a6a82f3c3241d,0.01374435336289441
ck_487f7fbc290e4ae2,0.009844932248215608
ck_e556c4d36aadbe03,0.002836993980105256
ck_7e6569a1b2455cb0,0.012547382652114162
ck_de2924955926d046,0.02464817201746882
ck_73d60b4630e3937a,0.0055826376679668525
ck_805ee564bd35ef15,0.0069901146892728675
ck_0d40961e47797027,0.005338088404821729
ck_f06d00a4f9c87d80,0.009150522982116632
ck_5ef50fb07b6737d5,0.009257727796077067
ck_16541fc15683e21c,0.06306448159169237
ck_09fd43f1b7e2eca2,0.0055459649744251825
ck_2a2c336a69b8d68d,0.044040110731811105
ck_2685f38930866af0,0.00272875937131867
ck_298278a9da874437,0.010135673689111653
ck_00bd7803f2530c68,0.015216459639833466
ck_c2b4a1d8c0b6c1cd,0.005998217882330203
ck_2acb54ca20c3af6c,0.011464104177002407
ck_e3d4b6f681c783ab,0.061409683289647465
ck_f90293f1eba5d7b6,0.08813727648553617
ck_e69d27e8965df0be,0.001689016694685138
ck_b7f5d10b427346ad,0.009711504174979848
ck_1ce20e4223a936b1,0.017542597273954998
ck_6b97d1ab90f6bdeb,0.01030383007311606
ck_e30e17db5473c7b2,0.002333668342512877
ck_154c8efb19dee665,0.006971455713360855
ck_6f5bb0c930644cae,0.9908872556131041
ck_9e17699baa83d173,0.006030014068805848
ck_9693b1eb70880205,0.01171359386801582
ck_1e97899875bb427b,0.0014453997259990222
ck_558a82590f65df69,0.007790042354580977
ck_18df83242ff3cdbb,0.015846794202044698
ck_80ad4396e1084c68,0.016483412022793485
ck_0a993bc947bab61f,0.03206136131515011
ck_5c2d43ff841632f9,0.002404430277478546
ck_6e4b99fb9725d9fa,0.009239015095989575
ck_e0983999ca26c19e,0.023631994262800347
ck_6573c4947cc8607e,0.014091724425560328
ck_d879d645d6e44207,0.018692323662517715
ck_1375ad9f10688e4a,0.008170093006050915
ck_7501ebbf4e21f160,0.0075576545244649875
ck_ca60d61cd4dc3bea,0.008369734220482095
ck_ab9ea095a5c58b4b,0.027290742589180617
ck_23756522b58df5d8,0.006716224839156616
ck_90bc176c43d85fd5,0.14588006078875246
ck_908b663b2dda94ad,0.054847368553536203
ck_4df2fb8e4b649e27,0.015091242460230692
ck_5615c6bbdef05291,0.11375110090456823
ck_b62f3e3185251f71,0.002333928603229175
ck_38d1a22850178f33,0.013385637221679698
ck_5b3ba20c8bb1383b,0.02513778531727442
ck_5576ffc6aaf6f22c,0.0016749927232970144
ck_cf7a022178165e56,0.006492949130967784
ck_f2c7a4c50e2ede96,0.03627193976904827
ck_285719c77eadf915,0.008006040325442524
ck_f2aa1b677619ab19,0.0057301689844007336
ck_3830c58d841e9e69,0.3317045428803227
ck_32eba3510c8eac5e,0.01862265427334108
ck_8955d7b9030d5eb5,0.003616263338150084
ck_6775e387dace7525,0.024170063276126894
ck_0a0cd7f4be606a93,0.014753279836486001
ck_a9f700eee5d638df,0.004679543335049528
ck_3d7db96995745472,0.03254221095092371
ck_aeed557007d52e9c,0.0020586986216196562
ck_79b6a86830156b5a,0.008222810675371372
ck_6a1ff9d69466181c,0.9800804014620847
ck_f11b1565f986f5e3,0.011017246831930536
ck_4819327a78615485,0.006879384331775239
ck_3ed9e081959b2f5c,0.010980060872534286
ck_16af4be191c47d3d,0.003248792654568801
ck_25122cc0e8b1a662,0.02730756807159246
ck_509c22828d467ba3,0.020580676307749547
ck_31109c899336348d,0.00793595095675105
ck_c51131e53baa59c7,0.005050771880336149
ck_cf8ecabbc61d3e11,0.0850666540099247
ck_eb6baff0f85ba936,0.015231148787608947
ck_777669e2243204f2,0.6555986133833299
ck_ac0ea27e692acdc9,0.004653153897562129
ck_4c6ea04ce8ca9e2c,0.010400583998966689
ck_ca54b32fca7e94cd,0.0062301838630916566
ck_4dfd8947f540eb24,0.019069434922375485
ck_95aff1fe27fb24bb,0.020408145646989763
ck_c7550723b90e5615,0.00228877878537425
ck_57b3fee69bdf85e8,0.01411105239543659
ck_f823407ace7ff064,0.07061916246027017
ck_a69084a068bcc8aa,0.062211305986277256
ck_c7b17f7b24bef5d7,0.010089472130157344
ck_7c4e588f927c27c8,0.017540194766755595
ck_77fdac602d0c6f95,0.05930769774685031
ck_e963d8525018d072,0.02862899104234078
ck_6e8ebaea8f7bffaf,0.001061963593528533
ck_aa42976a31cb7770,0.009672260578898601
ck_22c862a496008c96,0.9931882764391053
ck_527550dd15f38782,0.020877231650030297
ck_b3ab3c210e2c7c19,0.004541084231586063
ck_ed9c56fdb9f45ddc,0.17716313999310546
ck_b53281da70defcfa,0.013227836725057571
ck_03009b721568ee98,0.0048944173170192735
ck_3d9afd862b3f4053,0.12231493556717472
ck_ad3c4be96599554a,0.006114681117871054
ck_d1c787c27d50af49,0.018092055908701197
ck_c7a9c7b2eef46a99,0.013275944390203066
ck_53036d3c6c74446c,0.1457946828445791
ck_1b1efbd9c0964c8d,0.02951396038823251
ck_d66f42a269d5c1ed,0.014361533891665064
ck_fefc49a2b8ad993e,0.03845668681840849
ck_8b3b874249adece9,0.01231696308728659
ck_193d9c87ad3f1dad,0.002930447404389067
ck_0c6a50d747593b7b,0.02673469086248912
ck_c830f3830875b47a,0.0058674699129343975
ck_79e202f06d8dfe42,0.016572140713117432
ck_5c0fe988b8aa7fcb,0.0956801954505481
ck_a8382d8345f21e1e,0.0019284814551712506
ck_8cb20053914692d0,0.10675481565438856
ck_1da2f69023ca4c13,0.00732449327695146
ck_38abb60995114f8f,0.026102630508307537
ck_f5791fd8fd8fd191,0.014309931910804772
ck_a4e6fc391b674335,0.024975145180770927
ck_bd771efb4a7e15d0,0.02057467358157384
ck_38ba4a6b6a292054,0.03023109263088634
ck_f7a07283345a0dce,0.002074531763099876
ck_87dc484baaf5a23a,0.0030293705650617933
ck_c84ef83489badbfd,0.021152824933419804
ck_a397cd64ec5d644b,0.008650731124769676
ck_7977135c2ff61e92,0.006594886841520718
ck_52174855b243a8b0,0.029258402908834556
ck_0f35e930d0614613,0.8595172599061126
ck_b170a7db522a0d6f,0.006751763469097992
ck_7af748a23775bd54,0.03746910689426692
ck_52f641c9ee6fda70,0.004911975537706889
ck_c3719a30414bbb4d,0.002861712285609209
ck_2baf214ad6bc0dbf,0.05884380837079979
ck_8b39d8aacfdd72b4,0.05097360334141692
ck_d39b0152116203be,0.014680114544443899
ck_ed33f8a937f9c7c8,0.008457964748562126
ck_8ef97b55a5fd6ec9,0.0010314217302137588
ck_8247f008a14bd1a2,0.020499230483896173
ck_f0d349d68249d5db,0.002092739856661793
ck_a544e766540861fc,0.05083012306217823
ck_9dfaca4c7c80b10d,0.08171347347008291
ck_7e5401c362b2216a,0.0019287250608031705
ck_64ff60c073fdb6db,0.012033577635165313
ck_fc5ea49518e5d637,0.020342592563972275
ck_580f136ced341298,0.0037476918930031047
ck_9cbef9bc95449dca,0.004236711867551755
ck_e475a3b8ba870a7e,0.007701878505360819
ck_97e94708bcf43563,0.0050469008690392884
ck_13f03ec785cbdae1,0.012623971885240127
ck_152820d8817f478c,0.024390487996004555
ck_d20d4ba60eec9945,0.02776346926561152
ck_5c45968a805132e0,0.010701378352629791
ck_bebea2cf3063fb24,0.013608422550400826
ck_c3c69aefe7ea1d2f,0.016203513442234287
ck_02028b72f26fe855,0.019950612382987468
ck_dfadff70a58a9133,0.0021671740291646442
ck_6482ed4491bedcaf,0.006780245742860847
ck_754cd7b4a5ae3f94,0.0359334863646237
ck_3132857aec8485bc,0.005698713264130656
ck_7ce4ca91b8f9f1c1,0.007600848773093023
ck_41938582f4351772,0.011226992545533387
ck_f87d66946252476c,0.10485297088859066
ck_8053f1879a9b4e43,0.0018362070708791032
ck_93892e91387f5103,0.035447963316794305
ck_15254db133b28371,0.1164547431643585
ck_d557b9feb241b3ec,0.006585475368886
ck_71c3a8e4c12c989f,0.002792564647643288
ck_80e3041811033443,0.01913989734260223
ck_3380d60067b4634b,0.005946064321673005
ck_a9c2cdc758df8510,0.03625572546579561
ck_3c0031d7514da17b,0.004962574008182753
ck_18d214b1418be39d,0.013593081066449743
ck_7ce768407fd48321,0.02394013870822519
ck_7a50abd42298133b,0.012247586298062869
ck_2db10f987d137582,0.03310078907877238
ck_e077d004cd1d80ae,0.012535575467232819
ck_1cb6dc67f9a321b5,0.002913006410509943
ck_b864f64101149c35,0.04913411292003628
ck_9bedf54df9418e4a,0.0027352406725644485
ck_c47e32c47f0e6578,0.07581376503421738
ck_71f382d5e338daa3,0.002773146246984812
ck_14b4bf7be6ac2b61,0.059028163187736696
ck_5c87eea1cc07cc92,0.0759741261008159
ck_5f445182829ef342,0.01709093484970513
ck_a5d7311291caaa54,0.020839931012127094
ck_b7df99aecef385e6,0.12355436889172956
ck_3327a0582407068b,0.03443009687695284
ck_08dba09fd7dab896,0.008746676887682651
ck_f4ec334be5266378,0.022474576377320706
ck_240f7f894c5a86e7,0.01576450353519741
ck_a9d994554fc14a02,0.0019322038510406507
ck_13648cbd306eee6d,0.0011949614300041204
ck_601edf9105b3c321,0.9453524504029731
ck_9527adac182abe57,0.040612151852121935
ck_4e0e80f5cc271bf7,0.0037888053164542345
ck_96a89e720176b389,0.014074589730165704
ck_63560eec94b76d2f,0.005843681325183446
ck_c9c99e5b19aeced8,0.006264001121878349
ck_bc32655ee5ed643e,0.006426157812416122
ck_edccb5a93b741744,0.0032320429879461187
ck_f786cbc987b70930,0.040791751044114484
ck_0e8f26536ccc8947,0.009620025039952075
ck_b87ef4b98cfcec4c,0.01611694822783825
ck_1a9235812de4b2c1,0.02762990100559042
ck_d1ed88ea4211ba4d,0.004902325431555857
ck_a4ddac49657a4450,0.04944432952877511
ck_d9ffca35188e49d8,0.016944832076088726
ck_3db73bbe03c3d240,0.05254895278594853
ck_fffa0622344a36ab,0.014560358033072714
ck_148c28df51bba5e9,0.4471553254747729
ck_076cbc25c8f15fc3,0.9585994207697907
ck_e5ca550b39ed45bf,0.03355760446951296
ck_8dacf3a2061ca17d,0.006675606030329387
ck_2d7394afd61643d0,0.009398379612298394
ck_e42206e91f6a1752,0.0015453705282203148
ck_2f4f94827984c426,0.0013948742492828927
ck_edfe8e90e8f4366e,0.0058462121261211985
ck_646b15f753e5e9c6,0.02424307149413528
ck_66600620149c8799,0.013757698977266277
ck_4ff6fc70bccfba96,0.02388327636423499
ck_41af3729590c2484,0.008759528479963162
ck_920a48ba8c583e96,0.001753154935456942
ck_0253b3e7be021306,0.003740899785010514
ck_2ae6949246ea2648,0.00461456636521345
ck_db23a5100f338d72,0.04295850908396852
ck_fcb2a559474c3493,0.007646895449113211
ck_0a4d7acd2a53cbbd,0.008825536759845974
ck_c5d62b2b7a6f3bac,0.4873581480717607
ck_cf59f4fc0ea690b2,0.00096014663231967
ck_837be8126bb19250,0.0065964933698804094
ck_58955542edee1adc,0.009903998780780776
ck_1b93381d8eea58d1,0.001654301833625604
ck_97b8e05d62abdc14,0.015339593263497571
ck_71a0d645744302a3,0.10869070203637952
ck_a7b57882ab66b111,0.0059783242749451015
ck_65f76421be648549,0.026476697243650205
ck_b53ea8713d32ca7c,0.005097793743321808
ck_991c4c924a1d85ff,0.7067221393069718
ck_8432ccec1a4ec7fd,0.9897726603529297
ck_64c1633297f43788,0.0053646324986535605
ck_4291fd9c1161d8e1,0.04313451499943172
ck_5e98ed6391d9f429,0.05105841460573546
ck_c7baebe4549fdbb4,0.006787878456432222
ck_6e67225ba59fa5ae,0.008902390376322277
ck_719602def4d35fe0,0.008113067542968958
ck_bdee7c86f5ebe81f,0.0634324548474068
ck_8de38f8c7f91961f,0.03933808972381031
ck_b0b5bf9254700402,0.013611922605170244
ck_7b55d9bb1a250d4f,0.08480340712231524
ck_3954b7b0fd1d6614,0.002956607792867426
ck_f29471fe7c818d6a,0.01612223040285453
ck_9e65a8a2f587691a,0.019976960726549094
ck_eaec5f1a83b66eb0,0.010152572952978786
ck_004fe0daecbe2c1a,0.02887610862669758
ck_d17653a4a2d4a79e,0.014381872976822672
ck_0dd417fcbf19e424,0.02253248078749454
ck_4c99a6eadea143e2,0.039002538364777475
ck_74d602c907ee9119,0.0026339423899955604
ck_1aa87cb62acc0ac6,0.020900372889022016
ck_094974d75e29fb2f,0.054714018492296825
ck_5ef935ac3d4d3332,0.013759011936445555
ck_b26e4ae47c9107ed,0.037415279913360855
ck_396cea6f95186ad2,0.009543335524662763
ck_48446a9e8184c7d4,0.012334553089487546
ck_31e1ede23247d56b,0.012865870747882159
ck_7afefa349b960a3e,0.021165639696501273
ck_f5e02a3432571b20,0.03134597617712237
ck_64eefec062592c43,0.009300387532439164
ck_a1201284122c141f,0.005793119849863607
ck_1b34c420a4c85a95,0.0067425496218383755
ck_d637a011332ba67a,0.006454310539121462
ck_99c0004d8b7079f8,0.005177200631765986
ck_948517bad569b40f,0.03257873079329022
ck_a28d6b1601b472a6,0.020472988475143547
ck_a0b4209feb31f5c0,0.9894821897617306
ck_d6d2c1f6dfc455b6,0.020086029441894023
ck_3f9e6d356d3dd3cf,0.005502482219081654
ck_d08e00c842b75176,0.005843681325183446
ck_bfdd232a7c5f2660,0.025967264665654344
ck_2cdad03ed069438c,0.008229656155006058
ck_42317c3eabd0a285,0.005547448240583603
ck_3eb73e56751c704d,0.0386018527360773
ck_ef33c04f4c9e3758,0.02047749475941722
ck_1dc23dc870f1773d,0.05574959966664199
ck_76091f357974a152,0.004271400314825894
ck_4d9eb75e8eee90fd,0.1619334163688449
ck_578f67e69e5d2cfd,0.019521302594802004
ck_3a8ce1cc724229b8,0.012052033196531855
ck_a96887f841e80fc1,0.03591775478371512
ck_d2d4a8f4a9f2c33f,0.019081201826929853
ck_11f85bc705dbe036,0.007833994467837033
ck_7429b3f87528e335,0.004026568853163925
ck_26df74feac7ec51d,0.01148299630194323
ck_c78b2638fadd91ab,0.007989035157397408
ck_7eaad325abe3b50c,0.012874728905029666
ck_fd44e34af620e606,0.021672106231506384
ck_f99738dff854e25f,0.0010553845986031388
ck_1ffbce3a239bb264,0.055161107983364446
ck_96c7d52ba0a766ef,0.08012039351020041
ck_cb1c00c300af3f9e,0.007716954178237399
ck_ec3d12848ced99f2,0.0037711659689260266
ck_26cfd7c3c6c7bf69,0.003419246617006685
ck_7ae86b5a885affc3,0.006661422175640805
ck_3edaa94d28cd48ea,0.016043169623793596
ck_3209c530c9812e39,0.03237948850540027
ck_ea62ebfc1f04b49a,0.005520054466156407
ck_5fc90b4668ea81bf,0.018195719761146496
ck_95654593cdebd141,0.005137063385437476
ck_958c0bd61820147f,0.023940722505971887
ck_8440ef1386c07194,0.023761826775227025
ck_8cd1b68dd74b1375,0.17378598669611026
ck_c9eb4df91ff07f2c,0.009399516143306258
ck_c29489366c01fe65,0.9153749318325268
ck_c965fd6bec0f0ecd,0.007715583325041049
ck_84c402b23766e1f2,0.02769241138314503
ck_181f3dae03b87136,0.09920186202094154
ck_022a8ae79eb28cf6,0.505515845892002
ck_469c17407d17b706,0.009076383619698116
ck_1fcc5843f39148a9,0.010156382561259213
ck_5debd55f361b2ddf,0.009513132338785793
ck_28cb9b03e89263f1,0.011694391191395795
ck_f067470743d3c7a2,0.01278551415687163
ck_d5d225ce41a1a762,0.006769859523998728
ck_15b4840922195ffd,0.05095883114567424
ck_6bcfa37c717f19f1,0.02882362645406841
ck_8d501a0386c66be8,0.24730537664026425
ck_1a9d6190c57ea7e2,0.03462415523105637
ck_c49832eabdac5bb7,0.002031277483459098
ck_b4331140b2e0d4aa,0.01091763379387181
ck_5efbea1befdefe1b,0.065088582656198
ck_72ff52c4824072ce,0.014288292850815265
ck_ec3715add8bbb6e9,0.0035051063352354705
ck_9822f8ed05335741,0.08256507797083353
ck_c3d7d3d12a1981a3,0.025394151294632492
ck_a115a7919ac5875a,0.013214264718990362
ck_4dd4ed23e0b927b7,0.07113928673064583
ck_4c76efcc1ee6762d,0.014217728007820755
ck_3ad6e7bf452c9b21,0.020442483776185585
ck_dcbab304b55a42c7,0.008318974171460717
ck_24b53090faf722cf,0.003637428114148021
ck_187317383400491d,0.011064104147153048
ck_e07fd57565c94c28,0.030233867137780996
ck_740e760fdcd27835,0.006906167729335243
ck_d3796aebda1cfed5,0.7923645616985394
ck_e541967c681cb929,0.005827515703502598
ck_431118050b834dcb,0.001629863134465846
ck_90f3655f0c8a0074,0.0034064472069237845
ck_13cd943777651aac,0.05399176901999011
ck_66accecabf3901c0,0.05452876902482876
ck_937f0da2306b2eb9,0.008800274223653941
ck_105b0c93573fd5b7,0.04104413322468776
ck_00480407160e0743,0.0146530838764498
ck_e032068be7b77d15,0.011164904472985997
ck_991b7dfd69098320,0.004368515336966529
ck_37d47cf0f34574a2,0.005930797402867654
ck_011551a596544f5d,0.007151504632060083
ck_9acd98f4fe2d474e,0.10096037472468608
ck_7c88d3d377bb61bb,0.04501113541147414
ck_e2374c7136c964fd,0.020247782669491527
ck_2fa8f2577116e9ca,0.020619027330713805
ck_d07c5b0321c685ea,0.32033977725582247
ck_bc736114a31088a7,0.0026272465297056684
ck_32bb42f9bff197f8,0.007974183552458802
ck_66267bbad1f1415f,0.9980401058978065
ck_19988702ccd79201,0.030922606059527923
ck_f473a03fbcdbc4b0,0.02182916358289538
ck_e3f1d85fa5d49396,0.004245301653179927
ck_c4402ea6291df271,0.004408970122299149
ck_243bd5ca8c4ae5d0,0.0022080346205241193
ck_f271e855925e8d6b,0.10205090064192893
ck_e424148c6f2223df,0.0012584059994642806
ck_e4d0a9e1102a58b5,0.008510548098899189
ck_91c2a5fe69b9b1d1,0.17952782904094494
ck_5fd8924732fe403e,0.03303438792025704
ck_9a881d5433126ada,0.017886614503611054
ck_73cab88b29c7845d,0.02708110868458097
ck_5b5dea6476d4e182,0.004200591385571089
ck_ccccb17d2ca6ce94,0.032808446353566154
ck_cd1dc68e441222b1,0.28024238463482387
ck_8312c49b1431a406,0.008697848579870484
ck_25fea39897f2a559,0.004837862345897444
ck_f56200205280bddf,0.02829081237509122
ck_7336611650dcc088,0.0065353071738147904
ck_590716322ff147ae,0.022867466365865313
ck_c82364d87875a1a1,0.024413717255608453
ck_fa4b60387d744fc5,0.005495850758474539
ck_d841eba8906e9a15,0.010207841444381475
ck_d6df562a79b9d0d9,0.006595064519740712
ck_59a14d2564193101,0.06853302437215679
ck_8530158e3d7f59e7,0.002526287590498323
ck_ac68d707006c12a8,0.07067386439580578
ck_976fac1bb3dd8c58,0.009712208536994685
ck_f854fba8f4adae3d,0.03614647595826506
ck_b98e9c3ec6e7d1e7,0.0028900892066345985
ck_803c0b4cf9d4bc1d,0.029775541301588476
ck_76997a33c3ea5107,0.0029815825401831382
ck_f1a9d832b700bda1,0.9541997693259384
ck_2bd96ddb8c323d63,0.9272843778518283
ck_9e5b7acf51b1b743,0.006537949474162904
ck_09169f22194fd6aa,0.051121320261924424
ck_6d69e092f9b0848b,0.01919515817079053
ck_9f83fa5a2d3b9049,0.0361028446772758
ck_57bbb19eecb4b87c,0.005930353513864798
ck_e0e9cfabb979f428,0.005527809041348127
ck_b1ff9edc51d42f97,0.001803896590148156
ck_4682fad271d47eb0,0.7394453091515815
ck_ab33fb754c818ae3,0.021691903523994253
ck_b456f62b80e21557,0.0022843127092508045
ck_16340be3f2a7fffd,0.0045260244449716915
ck_ce66831f6611014c,0.0031379974816986523
ck_4610a073bb54d1b1,0.0042634213047902094
ck_fd038a7d33a9d6e5,0.04868731416674725
ck_c8198cb4c461304f,0.06973950840855202
ck_1e7de58822000dea,0.015596503623671768
ck_b2a79dd3df560f14,0.03604123963394211
ck_74a06f347b32347f,0.0007697227555955939
ck_c6fdb2972417c9bd,0.013560014429323811
ck_d7607a213b800bfb,0.019807403506047885
ck_df65967b8b40319c,0.013547298040516298
ck_329a73dbd585ee09,0.009653148690711929
ck_74991a9e85c3b07d,0.02100083815098578
ck_bb76609b79e0bc9f,0.009038492488414736
ck_f7fc1bd0b9ab1fa4,0.03234479732838243
ck_d111c98b36bdb791,0.005436297468499455
ck_f07e27d125497b66,0.005176603014202049
ck_093e3a7134e11d6b,0.01363394585619389
ck_862c7953bdea48b0,0.008497589676032776
ck_392cf2cdd515c34d,0.0078694959986903
ck_80eb91b0b4001084,0.029861507427843974
ck_5923f53b77193a58,0.015154053839303272
ck_8049f5fce32be185,0.23857818739931455
ck_ebc5a2c6cf88e252,0.03497217705291248
ck_9ea5872f14cce338,0.0071707931472318725
ck_f7fbc95ebf584379,0.002526287590498323
ck_bafe82c870356706,0.8638301410315462
ck_278b36c5932d9bff,0.0031179513304462232
ck_6a892dd5d05c1649,0.019983301888700962
ck_0734fd90b2cabd43,0.034145334321791225
ck_9b552204498b6762,0.029418112484413807
ck_f6c909c205767956,0.03180599702539498
ck_32f590e87bc3d715,0.005894157828503896
ck_66a8325f28be7562,0.003334912645538928
ck_b129261da9c3c3c9,0.0037551955058917432
ck_a524071c51ddde20,0.011896508185275425
ck_ba576d6d4cb6130b,0.030130699014118426
ck_8d8226520722af78,0.014231959538213577
ck_c5b0f0d4f1655a20,0.013679911647539683
ck_61814ae9b6d8eab1,0.0116544107235787
ck_382ebf136f7fa337,0.11653274607988175
ck_423ff4ede6a9f066,0.13357920373512264
ck_546ad962d04b7de4,0.9181387982347378
ck_9473ea4a01c95f9a,0.060371301199858125
ck_9eb1da8cd35a50ce,0.00797425317219051
ck_de5eaa2cdbcb67ff,0.033826852922293996
ck_537cc97d0398c922,0.10946176663939045
ck_998475a2e4dfad4e,0.0044578153566670106
ck_e62eb708d2688fae,0.011245367008955884
ck_ea623358f704daa7,0.015065063465150687
ck_b911a09f328dfd4b,0.004571585153928045
ck_4b3506b624e5193c,0.029548292184967743
ck_448456f96788713b,0.036020727593600387
ck_5d5ef9e75f65d076,0.0465256958590859
ck_3b74512f774a6e5a,0.012612143360006066
ck_a032e8ac1507c6df,0.2979072001506839
ck_7e2d6b22a0ae20c2,0.058510780596219794
ck_d80283209c963f11,0.002584199521405464
ck_d1157eade2ac3975,0.010084346682552191
ck_be48f583f79427f7,0.013327792747412012
ck_0027b5d4107d65d8,0.03860470523392061
ck_94fff69584dd3b2a,0.06120702181708173
ck_75fcda73f0b43557,0.012326095338030635
ck_a1c78972e4ee4082,0.0038128090636423387
ck_f0982bbdbd122f91,0.011894100358588181
ck_3199b471575aeb3a,0.002889497151509556
ck_7fa947a0b1c1cf74,0.033827244149807964
ck_a60c618b7f0e4252,0.0037392833400757474
ck_722ac47c8ac9b6c3,0.20222787170559708
ck_d44dc3839a195c8a,0.027610954992486395
ck_a2c3e82fab520483,0.019611579833025354
ck_6f8ae0319c07cafe,0.005336302565150292
ck_49886ff1e2c759d6,0.032416018516375295
ck_150a1108f936e6b0,0.0016088955888435969
ck_e21f9f96f597695b,0.005491545865158994
ck_7297bff2b7fdcbc8,0.0027231862554313127
ck_ee949c71f4f702eb,0.9204281561485576
ck_6fc37dea4b4f35c6,0.04798720788530705
ck_e76257caa98dc25d,0.9733042513704656
ck_828eef2334e17b3a,0.10838466794168623
ck_604e1b8a8c693aa7,0.06806962783136367
ck_7743c9fe037d1f9e,0.0249676460527362
ck_864a11202e19e812,0.034743395616506426
ck_4ec040b9e3785e4a,0.01738059409746789
ck_7346e4f820d9c00a,0.7276519965906225
ck_48d4d63beb26b623,0.041330212545134234
ck_c423aa6de3ed1e01,0.007395336949293335
ck_d74b2ead8aaa3f73,0.005849000065449084
ck_1dd69a11daa7bf1a,0.026667236140524
ck_d9143e236eef177f,0.019287798883999133
ck_f790d91e5ff0eccd,0.012173920224819624
ck_69b5620e00ef5dec,0.0032219147467041354
ck_cd32e58e8a1c0e85,0.014995581407211408
ck_064013b0957d87a5,0.9458098152593876
ck_a481385c2e60dc4a,0.0038365000498805195
ck_d72035cb29db3aa4,0.009100551934323076
ck_3759939a0205306d,0.01308191085895674
ck_f437a53fc832ec95,0.03793460639908788
ck_260ef2f3e6434819,0.058644453534143014
ck_35e411b05d22f663,0.030793859968762112
ck_8bf46e472f3e20de,0.04411924022107175
ck_d546994fc5d3e9d1,0.004086342435615758
ck_6ff0fc7487e737e7,0.2182677045703397
ck_5c67f27816ae0b6f,0.0014464577839553283
ck_c5517923458106ae,0.005018002611484623
ck_d9735647a6b0b0a7,0.27353106951487144
ck_541a734fc457246f,0.03185208735539122
ck_2f6a639468f41043,0.002821503470133292
ck_bea2cf7a6b7bb900,0.005441199217903562
ck_7eebd0e6ad6c070e,0.01828955694774128
ck_b64c87d5e3b10e6a,0.4154323418898523
ck_9dd7daacb7833233,0.023250539985254
ck_396e9ea9a6c6d7d9,0.048738899347404344
ck_1645e6cc53fa99ff,0.029542527817115128
ck_ea2a83ccb8d57490,0.006835008046361869
ck_e64f0df63e1be595,0.02770759826855872
ck_fa0b234481cb57d3,0.03162707806487666
ck_63379e3c9fe6f711,0.0033535109202533346
ck_c67f7944896a0310,0.012061206373179116
ck_c10e54c9db29e6ef,0.9750434261945723
ck_7184ad7709ae4c80,0.02227369254672165
ck_f8b6069d7577fde6,0.04018358634665886
ck_18444be153bac1ca,0.6587342991134972
ck_d0982b4e0e118e4d,0.06356478577574218
ck_6faf3e6820398866,0.006095672769014474
ck_97e980463aca4644,0.006375369626213296
ck_630c835243c66b19,0.9586052601656322
ck_fe429ba3e1aa0e4f,0.003962504384652836
ck_1058129ed7b48c59,0.026348886194545597
ck_04a1a46f07885296,0.016019889695342876
ck_f01e94331067edf6,0.023373382567423887
ck_77b2fb17c29f5e72,0.011792765651522194
ck_4f0c5857da45fb28,0.0017887306954601258
ck_2cfb9a7775e8a5bc,0.7740887658413947
ck_6846100e43659bf3,0.003962873015541009
ck_f89719a854fe11d7,0.05566670360518787
ck_bf47375e41ca3bc0,0.0035441391312041833
ck_2770b0400a7bef08,0.08052506681193373
ck_2a09d142de1c77ff,0.014239236428882423
ck_857a1f5547b9ad68,0.009614065919196889
ck_185f15b1523bbcf4,0.023620238510851196
ck_ab2aed614ec1cdf8,0.013000024386133359
ck_a9e7f3b2d5dfd97b,0.002643185157320694
ck_0eeb3d9b3e697edb,0.004466914373098024
ck_fa5830d81bc8ddc1,0.008364041490023464
ck_231ae0329ebc3220,0.023211673830641762
ck_1587763dd54688c9,0.013004267557146306
ck_9f85fea4490c00cf,0.008720411468722504
ck_a2d709e7eb91e4af,0.028841815878756644
ck_43637d28c7216453,0.003279192807519074
ck_f3ab5dd853d38252,0.0036251728984599916
ck_4a1f0172d3bf4fd3,0.002656285638404437
ck_517620ca16505af0,0.003900170824292581
ck_9ae904fbef56065c,0.005910272898174091
ck_d5ef1f6e34bb35b8,0.017867149069244588
ck_ff42557857ae3aeb,0.0011066105666557452
ck_ad9a18f58589faa7,0.025811009492802156
ck_df1a6edaa3e6b271,0.0325340631567658
ck_99021fe7225b5a68,0.13154713754347303
ck_99e52c3c2530b69e,0.97494100348299
ck_3a4811dc4a1a891d,0.012160431792248294
ck_ba3a6be026c87079,0.002991695673116763
ck_da6d1e5cf6aba6fd,0.002277288406957412
ck_ddc7c1f3d45fe6e6,0.016090579811761086
ck_e1b1e7a7e4a15b3e,0.07502579765397122
ck_8288f7f226e08b89,0.001756118335977601
ck_c4524993ec31dbe5,0.01832062853831484
ck_8b19bb5b23b6741c,0.09002208141206167
ck_d21b38231a8a9f4a,0.26728079518944864
ck_3f730318a9792292,0.02181957014216863
ck_a4db6e94a8f77f9d,0.02445076459895317
ck_a8cac8d480306839,0.005113676333078639
ck_5472214011fbc2a7,0.0036223366176154617
ck_7356f47dbbbe7904,0.014793087152580164
ck_16801e628e883d78,0.038636010513848046
ck_0dc1e536231c4860,0.010567784137624154
ck_7cd0634a6e60af83,0.010011321545387112
ck_ef6f8e048ae1bd4b,0.023106176919298425
ck_82f3f744209888ac,0.013194892758023864
ck_f33188c232a03526,0.3784871082546542
ck_4a59f4e10bf45d7f,0.010897941182707097
ck_d96c893721385e4e,0.007143424714898036
ck_f65ab819373edb37,0.007229056689298962
ck_21cac21fc10b7768,0.0071276304654301886
ck_139b54e6ccbdd7da,0.062012941145964784
ck_d6f5c8741697abb3,0.007403019504834171
ck_a28d9bb5590d458f,0.038973984246730264
ck_ed26d906883bea0a,0.00605847371164318
ck_227602ad072b838b,0.004793510665371581
ck_39d5f6c17c745ab1,0.01042194912729581
ck_744eade757ba69b5,0.013727631635890034
ck_c1295d97cdf35ec2,0.00369916952084792
ck_69105f881da3c821,0.00366122761294128
ck_933789b55361d7c1,0.4568672936704507
ck_b667952253503174,0.031213791159470285
ck_7bf668e25abeeb05,0.02448786309970487
ck_91742711dfdffd56,0.28504486125096734
ck_af32a0660090dd68,0.05130114986513877
ck_2122f201e65f76ee,0.004668753580076247
ck_f48acb73a5d6af07,0.013223870584195772
ck_337c5684510cf432,0.023982098966435498
ck_f7bde7265053364d,0.018203165310821064
ck_c190c7b924edba75,0.03599692641219177
ck_044fa3b3a003f0b5,0.01689999398260664
ck_87eb43e3b9d96169,0.057985572416682736
ck_2d3d6c9364362017,0.007546839640130985
ck_ac55dc6cbcdf8228,0.008759494925713379
ck_61d7b0568ec5d6cf,0.07308668944401563
ck_89c74feeaffa7d09,0.017276172892060994
ck_93776b0c113f41f0,0.037652588694883554
ck_15e0b679931f7a8d,0.021422902454546026
ck_77b56c49cfdb1d81,0.07051676412761823
ck_73188a826b5f499f,0.004241216320721911
ck_4f463ef25325ddfa,0.09772765359221393
ck_863db2e394dc47d1,0.8882333584333673
ck_d52432ed597f3cc9,0.02735828710889371
ck_04fb61e5739642f8,0.07837524397485654
ck_2e481d75d110c06d,0.08640516522596478
ck_3fa1a523d77cd619,0.01917509042259678
ck_466dc6274fecd708,0.0017502102724526105
ck_e1790b3aa2241b10,0.2357096834208256
ck_84ad096a46e1a960,0.014732716295761344
ck_3be72c9c178fa00d,0.010614798339762824
ck_5a17c89219d1d9fe,0.002506298365767532
ck_4f639f4ee6ce8d9e,0.173287355611474
ck_f4ec4a935e51b4db,0.01385684058035518
ck_f04040a830f92bac,0.01030150406327081
ck_3e4d02a04be2aaf8,0.005643940412270208
ck_4d1baef193cfb900,0.018224147105549923
ck_0fb3153d37626b75,0.012892476918935445
ck_88ec57a11b11f702,0.5777597988916858
ck_dca9dc465f759db4,0.004064882775490329
ck_64f5fba6af67e024,0.009636119339891953
ck_896096cb167254ef,0.03043077480286553
ck_7878679065876b98,0.01918515516748134
ck_fe8e5a6c880ceb4e,0.020216553685347964
ck_a5e036327d3d1862,0.0021058372820208357
ck_310f73940fc4cf4f,0.0052980842917077
ck_46a8db16ad00b749,0.03423854822455762
ck_0d33977c3de8cfaf,0.9799704668424463
ck_c6fff412f531db0f,0.0012041339908493212
ck_bac6dadf428eaea9,0.03158092702515554
ck_1b96d9af0d7da2d5,0.0025196907976658732
ck_fa8a4a9e77799fcc,0.004997776006791583
ck_0bf48607a874b4d1,0.0026024914151998165
ck_eeb75f8a6439f65e,0.017265715585866783
ck_a209a5f7d172125e,0.007083131041608303
ck_8f346b72fb40bf14,0.025908612810609726
ck_bccbf9fef367f00f,0.009767918617454253
ck_2d1548f1ee405cc9,0.017675580552173685
ck_e8298ff2dc1e9d50,0.005497982843711024
ck_77c0fb524edb4a94,0.007572406239784038
ck_28ac4c5134cb8e77,0.02001794806899224
ck_db23a0e3e54be60c,0.21269529237471063
ck_a059d00cee5cee99,0.033057977777103266
ck_3e9e3bba8bd363af,0.013384118489386948
ck_0428728df24cdab4,0.0004969108511327046
ck_88cd35378075c84f,0.013636405898174903
ck_0174d76398d9dc0f,0.06379038450350745
ck_3f1287e6c27de0dc,0.01050717909982617
ck_ff822700f3605e06,0.9921134230248699
ck_4563227b2038ae07,0.0270004347175566
ck_788e78065526ee19,0.02463499569657105
ck_8a16eb584093b12f,0.010970702904359135
ck_cc276f71ab6c08fd,0.015104578619474156
ck_d61d97b21002f3e9,0.03615121414262705
ck_4b2e87d86a5e415c,0.01610780087802229
ck_3e6f35e4500d2f2a,0.007624045005282564
ck_3acdb083e0d8ad61,0.01683733170907737
ck_cd655202db489010,0.008085241371577366
ck_829cbf5ccda481ae,0.004200788580838186
ck_f5882e6f98b8b4cd,0.002691888979951591
ck_767947540b234add,0.010055810487202457
ck_a6e8e8f535b1f1d1,0.19360095859771542
ck_58412a2674fea506,0.004629666669200603
ck_fae7e518a585fa61,0.008472615442323493
ck_9c60ae6958d68dbd,0.16271796254677295
ck_328696b8f5e54ec6,0.09806665730886095
ck_7df3f8f4f1068d62,0.002989540305269505
ck_cfadd21458230ef7,0.002323894796699829
ck_7048bedd554c703b,0.0052357599098961025
ck_50422466f145bfd7,0.0069798544483065635
ck_61e1f7168cd9ff25,0.04103687319739933
ck_733aff0f56f5b3c9,0.006317049740554238
ck_e14892e424180549,0.018782937533106624
ck_03f6664a96de7d0f,0.014895814675384826
ck_b7f4baa2cc82fe61,0.0074617111484260625
ck_1e51199a075ca0fa,0.005409902290452155
ck_0e70516fa07cfb17,0.8173121988140384
ck_0f37c554a5057801,0.01117243823474652
ck_5576b725de38d106,0.002110233017892333
ck_82f360df1e9f4eb8,0.02401030574555838
ck_395f3bd4aacd7ca6,0.03386106228263138
ck_5e8e857b63966609,0.029216401288399294
ck_93470896f0804b6b,0.6999795108580831
ck_3be854e42e76569a,0.005345499190456394
ck_0567302c57a2417e,0.08986398441673626
ck_ee535461b5f05539,0.1186447036769363
ck_94a096c36162a153,0.01627195910790359
ck_dfc8f5c141fd7c63,0.014691142681557896
ck_98b34f2d704c1c2a,0.024548608334238185
ck_96dff7a09d45f116,0.005090983409928704
ck_79557434c129ba52,0.03035933700349894
ck_4596624a7c01d501,0.009334990429809977
ck_04e89fbd739243fa,0.021802941837342767
ck_6149ffaf18872dc8,0.0018886870173183304
ck_cd78f0832a09bd8f,0.019293608422877164
ck_7e29c10d781c3b41,0.002775601024999432
ck_1f7ee7b23fc6f2f4,0.003833427222605266
ck_c49b685d2b3ab89a,0.02226961831293638
ck_84569a8fc50e73ac,0.005595604892669039
ck_b92b11d205af91eb,0.0026740368266804796
ck_06280e6d6d2485b0,0.003925080360338457
ck_3c08546dd0c92863,0.015498268578343759
ck_99d3983f907828bf,0.0127308361578691
ck_eccfd552aa652d3c,0.007335175258433684
ck_0cff8153881875ba,0.018802259525403753
ck_c1aebbeca6ab5ff9,0.0037832116734819554
ck_538fdbbb3c2bcbbb,0.024139596252599135
ck_8c0210322733c718,0.0026668646313037694
ck_0b0c93039f987abc,0.01898581724488159
ck_6d07d6d1bd227d37,0.024120629447412556
ck_9b6ee35e8cd0b11c,0.006205035153940176
ck_d838491d3d4f5ecf,0.013053144802396274
ck_0593ae243a9ebee9,0.004523755173743713
ck_ef261fc09be8eb0b,0.0058833403463900225
ck_d0935b571a4a3868,0.00874315672123296
ck_97d04a67a104af39,0.07550782518577566
ck_e25f70d0b7229420,0.01788438251532874
ck_9b71274ff83de482,0.9313443612817267
ck_6de2aa2bb60978d3,0.04293488785787184
ck_eda55c8fb47593d7,0.012145141221246308
ck_924e572517515f19,0.03105681684046559
ck_d6f27eacbad310f4,0.012089466014651126
ck_8550f229b5eb03ab,0.008555262666251598
ck_e3e95546a84d0ed8,0.02081125075342897
ck_3135c019696ee6af,0.8101445942254213
ck_41ba315d8fccb559,0.06326098930226635
ck_72b86e4485da2d0f,0.9421397614399453
ck_daaa995f3c2f0e47,0.011501265157678273
ck_053746067839696b,0.025967264665654344
ck_a15fe7d0f4b65c33,0.2993533465225784
ck_15de11438732bb05,0.015885809561223315
ck_2c4d25acbe3fabd9,0.0025492672063384208
ck_7f08078908599bd2,0.03720401887399592
ck_e794741742fb2619,0.027184795420246297
ck_238e53b6dee8c301,0.005671867624652201
ck_53a6a33060d5c8b8,0.007417699252217196
ck_0e0919292ad33472,0.13658031711779678
ck_d86ccf148c06c8c8,0.08898822263990572
ck_c881f26c9bf9ae42,0.24487476844369946
ck_4b0947bf94e9d847,0.014089109335486122
ck_e10ff5c38bd18470,0.007941018066513554
ck_b60de9e97aad9e45,0.4868618331955383
ck_190bc849e5ff5401,0.03286584377735767
ck_e7be077aa0b2632c,0.0210836938233134
ck_a51abde881ebeff3,0.0180831225398726
ck_2208392a9f6bd249,0.03985169183495899
ck_0259da8f109017e9,0.012634181535409744
ck_05e01ab9c95449da,0.06050586654405969
ck_c82897ebffb6ae66,0.005153030832196983
ck_b4a6bb4689cd7cfa,0.021180350838480605
ck_9e21ea33018ce538,0.023627210908137266
ck_caa348f0e65db062,0.8463216538844007
ck_a964e6b5d8415334,0.11125516634676531
ck_510bfbbee37ff436,0.010554086812565555
ck_9741a82faf5c7889,0.018252394686917018
ck_e7f61b4a39ba98ac,0.007506281761768998
ck_069d158665a53909,0.00439247444315128
ck_6426427efe3228af,0.013258556668986423
ck_ab4a8d02ec3c0fd7,0.0029588094511121886
ck_aefa0d8d933e0eca,0.012449899470184775
ck_232325ef6bce92f1,0.010606437022077524
ck_14e58c3fb26a2b4d,0.00865193390805204
ck_06e73afdec26aecc,0.015169122728303655
ck_3168f4f2778d64e1,0.018551553602733986
ck_ff3998d6858daa21,0.0014132763885033061
ck_bccff46fb0868454,0.0553095221065122
ck_c7d444d90fa86d7c,0.1940655488249201
ck_f0bc3bdee6bfbb94,0.03675395681006491
ck_f7112818a6d81422,0.00816524297377099
ck_aca35dbcb835ad02,0.05586132442036907
ck_f637fabf0f60528f,0.004721830793927075
ck_53d17ab97de1ac3e,0.024466701079860136
ck_c8c1bf16d9113493,0.0541280826886344
ck_e842fb0cf055a83b,0.03521170967038002
ck_93c0cb3dac4891fe,0.0008788502754189211
ck_0c1f088e17e46daf,0.020472988475143547
ck_8f4b384955bf57c9,0.015821346557713622
ck_09cd5c4df1e81ac2,0.19519101053051607
ck_1e832a5b2342554f,0.05741246756113563
ck_2cb763a881aee27f,0.0037865357683585276
ck_5875828b11406398,0.00729179963194108
ck_48e84b0cb0b90fa7,0.020472988475143547
ck_833688de8629c5c0,0.008597863713221186
ck_117d78ccd5820f36,0.005962964533060351
ck_668ec61c4c39cae3,0.0095553563966417
ck_73a7794b659d7a34,0.003338957027484694
ck_10f90d879209734f,0.03377418295680443
ck_d1d079913aa158bf,0.01181881365401509
ck_01c631b38e8a9535,0.0056973030579772
ck_f6923088c17a04e2,0.09993870366548967
ck_b447badc9138987d,0.005833146012146419
ck_8b772caed8f1541c,0.0013600412043530967
ck_5403c76fe68a08ba,0.16728502601445971
ck_3e6833574edf1736,0.007585104445872516
ck_e527fbb9450a4581,0.4116728820248608
ck_cc90e219f1ebf390,0.0014915002705790557
